{
	"resourceType": "ValueSet",
	"id": "2.16.840.1.113762.1.4.1213.11",
	"url": "2.16.840.1.113762.1.4.1213.11",
	"version": "US 1.1",
	"name": "2.16.840.1.113762.1.4.1213.11",
	"status": "draft",
	"experimental": true,
	"date": "2018-06-20",
	"publisher": "PDDI CDS",
	"contact": [{
		"name": "Richard Boyce boycerd@upmc.edu"
	}],
	"description": "This set of values contains ACEis and ARBs medications.",
	"jurisdiction": [{
		"coding": [{
			"system": "urn:iso:std:iso:3166",
			"code": "US"
		}]
	}],
	"purpose": "This set of values contains ACEis and ARBs medications.",
	"compose": {
		"include": [{
			"system": "http://www.nlm.nih.gov/research/umls/rxnorm",
			"version": "04-Jun-2018",
			"concept": [{
					"code": "1000001",
					"display": "amlodipine 5 MG / hydrochlorothiazide 25 MG / olmesartan medoxomil 40 MG Oral Tablet"
				},
				{
					"code": "1011718",
					"display": "aliskiren 150 MG / valsartan 160 MG Oral Tablet"
				},
				{
					"code": "1011729",
					"display": "aliskiren 300 MG / valsartan 320 MG Oral Tablet"
				},
				{
					"code": "104370",
					"display": "captopril 25 MG / hydrochlorothiazide 12.5 MG Oral Tablet"
				},
				{
					"code": "1091646",
					"display": "azilsartan medoxomil 40 MG Oral Tablet"
				},
				{
					"code": "1091652",
					"display": "azilsartan medoxomil 80 MG Oral Tablet"
				},
				{
					"code": "1235144",
					"display": "azilsartan medoxomil 40 MG / chlorthalidone 12.5 MG Oral Tablet"
				},
				{
					"code": "1235151",
					"display": "azilsartan medoxomil 40 MG / chlorthalidone 25 MG Oral Tablet"
				},
				{
					"code": "1299859",
					"display": "hydrochlorothiazide 12.5 MG / moexipril hydrochloride 15 MG Oral Tablet"
				},
				{
					"code": "1299871",
					"display": "hydrochlorothiazide 12.5 MG / moexipril hydrochloride 7.5 MG Oral Tablet"
				},
				{
					"code": "1299890",
					"display": "hydrochlorothiazide 25 MG / moexipril hydrochloride 15 MG Oral Tablet"
				},
				{
					"code": "1299896",
					"display": "moexipril hydrochloride 15 MG Oral Tablet"
				},
				{
					"code": "1299897",
					"display": "moexipril hydrochloride 7.5 MG Oral Tablet"
				},
				{
					"code": "1435624",
					"display": "enalapril maleate 1 MG/ML Oral Solution"
				},
				{
					"code": "153077",
					"display": "valsartan 40 MG Oral Capsule"
				},
				{
					"code": "153822",
					"display": "candesartan cilexetil 4 MG Oral Tablet"
				},
				{
					"code": "153823",
					"display": "candesartan cilexetil 8 MG Oral Tablet"
				},
				{
					"code": "1600716",
					"display": "amlodipine 10 MG / perindopril arginine 14 MG Oral Tablet"
				},
				{
					"code": "1600724",
					"display": "amlodipine 2.5 MG / perindopril arginine 3.5 MG Oral Tablet"
				},
				{
					"code": "1600728",
					"display": "amlodipine 5 MG / perindopril arginine 7 MG Oral Tablet"
				},
				{
					"code": "1656340",
					"display": "sacubitril 24 MG / valsartan 26 MG Oral Tablet"
				},
				{
					"code": "1656349",
					"display": "sacubitril 49 MG / valsartan 51 MG Oral Tablet"
				},
				{
					"code": "1656354",
					"display": "sacubitril 97 MG / valsartan 103 MG Oral Tablet"
				},
				{
					"code": "197436",
					"display": "captopril 25 MG / hydrochlorothiazide 15 MG Oral Tablet"
				},
				{
					"code": "197437",
					"display": "captopril 25 MG / hydrochlorothiazide 25 MG Oral Tablet"
				},
				{
					"code": "197438",
					"display": "captopril 50 MG / hydrochlorothiazide 15 MG Oral Tablet"
				},
				{
					"code": "197439",
					"display": "captopril 50 MG / hydrochlorothiazide 25 MG Oral Tablet"
				},
				{
					"code": "197884",
					"display": "lisinopril 40 MG Oral Tablet"
				},
				{
					"code": "197885",
					"display": "hydrochlorothiazide 12.5 MG / lisinopril 10 MG Oral Tablet"
				},
				{
					"code": "197886",
					"display": "hydrochlorothiazide 12.5 MG / lisinopril 20 MG Oral Tablet"
				},
				{
					"code": "197887",
					"display": "hydrochlorothiazide 25 MG / lisinopril 20 MG Oral Tablet"
				},
				{
					"code": "198188",
					"display": "ramipril 2.5 MG Oral Capsule"
				},
				{
					"code": "198189",
					"display": "ramipril 5 MG Oral Capsule"
				},
				{
					"code": "199351",
					"display": "trandolapril 2 MG Oral Tablet"
				},
				{
					"code": "199352",
					"display": "trandolapril 4 MG Oral Tablet"
				},
				{
					"code": "199353",
					"display": "trandolapril 1 MG Oral Tablet"
				},
				{
					"code": "199622",
					"display": "trandolapril 0.5 MG Oral Capsule"
				},
				{
					"code": "199816",
					"display": "trandolapril 1 MG Oral Capsule"
				},
				{
					"code": "199817",
					"display": "trandolapril 2 MG Oral Capsule"
				},
				{
					"code": "199850",
					"display": "valsartan 80 MG Oral Capsule"
				},
				{
					"code": "199919",
					"display": "valsartan 160 MG Oral Capsule"
				},
				{
					"code": "200094",
					"display": "irbesartan 75 MG Oral Tablet"
				},
				{
					"code": "200095",
					"display": "irbesartan 150 MG Oral Tablet"
				},
				{
					"code": "200096",
					"display": "irbesartan 300 MG Oral Tablet"
				},
				{
					"code": "200284",
					"display": "hydrochlorothiazide 12.5 MG / valsartan 80 MG Oral Tablet"
				},
				{
					"code": "200285",
					"display": "hydrochlorothiazide 12.5 MG / valsartan 160 MG Oral Tablet"
				},
				{
					"code": "205304",
					"display": "telmisartan 40 MG Oral Tablet"
				},
				{
					"code": "205305",
					"display": "telmisartan 80 MG Oral Tablet"
				},
				{
					"code": "205326",
					"display": "lisinopril 30 MG Oral Tablet"
				},
				{
					"code": "251856",
					"display": "ramipril 2.5 MG Oral Tablet"
				},
				{
					"code": "251857",
					"display": "ramipril 5 MG Oral Tablet"
				},
				{
					"code": "261962",
					"display": "ramipril 10 MG Oral Capsule"
				},
				{
					"code": "282755",
					"display": "telmisartan 20 MG Oral Tablet"
				},
				{
					"code": "283316",
					"display": "hydrochlorothiazide 12.5 MG / telmisartan 40 MG Oral Tablet"
				},
				{
					"code": "283317",
					"display": "hydrochlorothiazide 12.5 MG / telmisartan 80 MG Oral Tablet"
				},
				{
					"code": "308962",
					"display": "captopril 100 MG Oral Tablet"
				},
				{
					"code": "308963",
					"display": "captopril 12.5 MG Oral Tablet"
				},
				{
					"code": "308964",
					"display": "captopril 50 MG Oral Tablet"
				},
				{
					"code": "310139",
					"display": "eprosartan 400 MG Oral Tablet"
				},
				{
					"code": "310140",
					"display": "eprosartan 600 MG Oral Tablet"
				},
				{
					"code": "310792",
					"display": "hydrochlorothiazide 12.5 MG / irbesartan 150 MG Oral Tablet"
				},
				{
					"code": "310793",
					"display": "hydrochlorothiazide 12.5 MG / irbesartan 300 MG Oral Tablet"
				},
				{
					"code": "310796",
					"display": "hydrochlorothiazide 12.5 MG / quinapril 10 MG Oral Tablet"
				},
				{
					"code": "310797",
					"display": "hydrochlorothiazide 12.5 MG / quinapril 20 MG Oral Tablet"
				},
				{
					"code": "310809",
					"display": "hydrochlorothiazide 25 MG / quinapril 20 MG Oral Tablet"
				},
				{
					"code": "311353",
					"display": "lisinopril 2.5 MG Oral Tablet"
				},
				{
					"code": "311354",
					"display": "lisinopril 5 MG Oral Tablet"
				},
				{
					"code": "312748",
					"display": "quinapril 10 MG Oral Tablet"
				},
				{
					"code": "312749",
					"display": "quinapril 20 MG Oral Tablet"
				},
				{
					"code": "312750",
					"display": "quinapril 5 MG Oral Tablet"
				},
				{
					"code": "314076",
					"display": "lisinopril 10 MG Oral Tablet"
				},
				{
					"code": "314077",
					"display": "lisinopril 20 MG Oral Tablet"
				},
				{
					"code": "314203",
					"display": "quinapril 40 MG Oral Tablet"
				},
				{
					"code": "317173",
					"display": "captopril 25 MG Oral Tablet"
				},
				{
					"code": "349199",
					"display": "valsartan 80 MG Oral Tablet"
				},
				{
					"code": "349200",
					"display": "valsartan 320 MG Oral Tablet"
				},
				{
					"code": "349201",
					"display": "valsartan 160 MG Oral Tablet"
				},
				{
					"code": "349353",
					"display": "hydrochlorothiazide 25 MG / valsartan 160 MG Oral Tablet"
				},
				{
					"code": "349373",
					"display": "olmesartan medoxomil 5 MG Oral Tablet"
				},
				{
					"code": "349401",
					"display": "olmesartan medoxomil 20 MG Oral Tablet"
				},
				{
					"code": "349405",
					"display": "olmesartan medoxomil 40 MG Oral Tablet"
				},
				{
					"code": "349483",
					"display": "valsartan 40 MG Oral Tablet"
				},
				{
					"code": "351292",
					"display": "eprosartan 600 MG / hydrochlorothiazide 12.5 MG Oral Tablet"
				},
				{
					"code": "351293",
					"display": "eprosartan 600 MG / hydrochlorothiazide 25 MG Oral Tablet"
				},
				{
					"code": "389180",
					"display": "felodipine 2.5 MG / ramipril 2.5 MG Oral Tablet"
				},
				{
					"code": "389181",
					"display": "felodipine 5 MG / ramipril 5 MG Oral Tablet"
				},
				{
					"code": "389185",
					"display": "eprosartan 300 MG Oral Tablet"
				},
				{
					"code": "401965",
					"display": "ramipril 1.25 MG Oral Tablet"
				},
				{
					"code": "401968",
					"display": "ramipril 10 MG Oral Tablet"
				},
				{
					"code": "401971",
					"display": "olmesartan medoxomil 10 MG Oral Tablet"
				},
				{
					"code": "403853",
					"display": "hydrochlorothiazide 12.5 MG / olmesartan medoxomil 20 MG Oral Tablet"
				},
				{
					"code": "403854",
					"display": "hydrochlorothiazide 12.5 MG / olmesartan medoxomil 40 MG Oral Tablet"
				},
				{
					"code": "403855",
					"display": "hydrochlorothiazide 25 MG / olmesartan medoxomil 40 MG Oral Tablet"
				},
				{
					"code": "411434",
					"display": "trandolapril 4 MG Oral Capsule"
				},
				{
					"code": "477130",
					"display": "hydrochlorothiazide 25 MG / telmisartan 80 MG Oral Tablet"
				},
				{
					"code": "485471",
					"display": "hydrochlorothiazide 25 MG / irbesartan 300 MG Oral Tablet"
				},
				{
					"code": "577776",
					"display": "candesartan cilexetil 16 MG Oral Tablet"
				},
				{
					"code": "578325",
					"display": "candesartan cilexetil 16 MG / hydrochlorothiazide 12.5 MG Oral Tablet"
				},
				{
					"code": "578330",
					"display": "candesartan cilexetil 32 MG / hydrochlorothiazide 12.5 MG Oral Tablet"
				},
				{
					"code": "636042",
					"display": "hydrochlorothiazide 12.5 MG / valsartan 320 MG Oral Tablet"
				},
				{
					"code": "636045",
					"display": "hydrochlorothiazide 25 MG / valsartan 320 MG Oral Tablet"
				},
				{
					"code": "639536",
					"display": "candesartan cilexetil 2 MG Oral Tablet"
				},
				{
					"code": "639537",
					"display": "candesartan cilexetil 32 MG Oral Tablet"
				},
				{
					"code": "722126",
					"display": "amlodipine 10 MG / valsartan 160 MG Oral Tablet"
				},
				{
					"code": "722131",
					"display": "amlodipine 10 MG / valsartan 320 MG Oral Tablet"
				},
				{
					"code": "722134",
					"display": "amlodipine 5 MG / valsartan 160 MG Oral Tablet"
				},
				{
					"code": "722137",
					"display": "amlodipine 5 MG / valsartan 320 MG Oral Tablet"
				},
				{
					"code": "730861",
					"display": "amlodipine 10 MG / olmesartan medoxomil 20 MG Oral Tablet"
				},
				{
					"code": "730866",
					"display": "amlodipine 10 MG / olmesartan medoxomil 40 MG Oral Tablet"
				},
				{
					"code": "730869",
					"display": "amlodipine 5 MG / olmesartan medoxomil 20 MG Oral Tablet"
				},
				{
					"code": "730872",
					"display": "amlodipine 5 MG / olmesartan medoxomil 40 MG Oral Tablet"
				},
				{
					"code": "802749",
					"display": "candesartan cilexetil 32 MG / hydrochlorothiazide 25 MG Oral Tablet"
				},
				{
					"code": "833237",
					"display": "diltiazem hydrochloride 180 MG / enalapril maleate 5 MG Extended Release Oral Tablet"
				},
				{
					"code": "845488",
					"display": "ramipril 1.25 MG Oral Capsule"
				},
				{
					"code": "848131",
					"display": "amlodipine 10 MG / hydrochlorothiazide 12.5 MG / valsartan 160 MG Oral Tablet"
				},
				{
					"code": "848135",
					"display": "amlodipine 10 MG / hydrochlorothiazide 25 MG / valsartan 320 MG Oral Tablet"
				},
				{
					"code": "848140",
					"display": "amlodipine 5 MG / hydrochlorothiazide 12.5 MG / valsartan 160 MG Oral Tablet"
				},
				{
					"code": "848145",
					"display": "amlodipine 5 MG / hydrochlorothiazide 25 MG / valsartan 160 MG Oral Tablet"
				},
				{
					"code": "848151",
					"display": "amlodipine 10 MG / hydrochlorothiazide 25 MG / valsartan 160 MG Oral Tablet"
				},
				{
					"code": "854925",
					"display": "perindopril erbumine 8 MG Oral Tablet"
				},
				{
					"code": "854984",
					"display": "perindopril erbumine 2 MG Oral Tablet"
				},
				{
					"code": "854988",
					"display": "perindopril erbumine 4 MG Oral Tablet"
				},
				{
					"code": "854993",
					"display": "indapamide 1.25 MG / perindopril erbumine 4 MG Oral Tablet"
				},
				{
					"code": "857166",
					"display": "fosinopril sodium 10 MG / hydrochlorothiazide 12.5 MG Oral Tablet"
				},
				{
					"code": "857169",
					"display": "fosinopril sodium 10 MG Oral Tablet"
				},
				{
					"code": "857174",
					"display": "fosinopril sodium 20 MG / hydrochlorothiazide 12.5 MG Oral Tablet"
				},
				{
					"code": "857183",
					"display": "fosinopril sodium 20 MG Oral Tablet"
				},
				{
					"code": "857187",
					"display": "fosinopril sodium 40 MG Oral Tablet"
				},
				{
					"code": "858804",
					"display": "enalapril maleate 2.5 MG Oral Tablet"
				},
				{
					"code": "858810",
					"display": "enalapril maleate 20 MG Oral Tablet"
				},
				{
					"code": "858813",
					"display": "enalapril maleate 5 MG Oral Tablet"
				},
				{
					"code": "858817",
					"display": "enalapril maleate 10 MG Oral Tablet"
				},
				{
					"code": "858821",
					"display": "enalapril maleate 1.25 MG/ML Injectable Solution"
				},
				{
					"code": "858824",
					"display": "enalapril maleate 5 MG / hydrochlorothiazide 12.5 MG Oral Tablet"
				},
				{
					"code": "858828",
					"display": "enalapril maleate 10 MG / hydrochlorothiazide 25 MG Oral Tablet"
				},
				{
					"code": "858921",
					"display": "enalapril maleate 20 MG / hydrochlorothiazide 12.5 MG Oral Tablet"
				},
				{
					"code": "876514",
					"display": "amlodipine 10 MG / telmisartan 40 MG Oral Tablet"
				},
				{
					"code": "876519",
					"display": "amlodipine 10 MG / telmisartan 80 MG Oral Tablet"
				},
				{
					"code": "876524",
					"display": "amlodipine 5 MG / telmisartan 40 MG Oral Tablet"
				},
				{
					"code": "876529",
					"display": "amlodipine 5 MG / telmisartan 80 MG Oral Tablet"
				},
				{
					"code": "898342",
					"display": "amlodipine 10 MG / benazepril hydrochloride 20 MG Oral Capsule"
				},
				{
					"code": "898346",
					"display": "amlodipine 10 MG / benazepril hydrochloride 40 MG Oral Capsule"
				},
				{
					"code": "898350",
					"display": "amlodipine 2.5 MG / benazepril hydrochloride 10 MG Oral Capsule"
				},
				{
					"code": "898353",
					"display": "amlodipine 5 MG / benazepril hydrochloride 10 MG Oral Capsule"
				},
				{
					"code": "898356",
					"display": "amlodipine 5 MG / benazepril hydrochloride 20 MG Oral Capsule"
				},
				{
					"code": "898359",
					"display": "amlodipine 5 MG / benazepril hydrochloride 40 MG Oral Capsule"
				},
				{
					"code": "898362",
					"display": "benazepril hydrochloride 10 MG / hydrochlorothiazide 12.5 MG Oral Tablet"
				},
				{
					"code": "898367",
					"display": "benazepril hydrochloride 20 MG / hydrochlorothiazide 12.5 MG Oral Tablet"
				},
				{
					"code": "898372",
					"display": "benazepril hydrochloride 20 MG / hydrochlorothiazide 25 MG Oral Tablet"
				},
				{
					"code": "898378",
					"display": "benazepril hydrochloride 5 MG / hydrochlorothiazide 6.25 MG Oral Tablet"
				},
				{
					"code": "898687",
					"display": "benazepril hydrochloride 10 MG Oral Tablet"
				},
				{
					"code": "898690",
					"display": "benazepril hydrochloride 20 MG Oral Tablet"
				},
				{
					"code": "898719",
					"display": "benazepril hydrochloride 40 MG Oral Tablet"
				},
				{
					"code": "898723",
					"display": "benazepril hydrochloride 5 MG Oral Tablet"
				},
				{
					"code": "979464",
					"display": "hydrochlorothiazide 12.5 MG / losartan potassium 100 MG Oral Tablet"
				},
				{
					"code": "979468",
					"display": "hydrochlorothiazide 12.5 MG / losartan potassium 50 MG Oral Tablet"
				},
				{
					"code": "979471",
					"display": "hydrochlorothiazide 25 MG / losartan potassium 100 MG Oral Tablet"
				},
				{
					"code": "979480",
					"display": "losartan potassium 100 MG Oral Tablet"
				},
				{
					"code": "979485",
					"display": "losartan potassium 25 MG Oral Tablet"
				},
				{
					"code": "979492",
					"display": "losartan potassium 50 MG Oral Tablet"
				},
				{
					"code": "999967",
					"display": "amlodipine 5 MG / hydrochlorothiazide 12.5 MG / olmesartan medoxomil 20 MG Oral Tablet"
				},
				{
					"code": "999986",
					"display": "amlodipine 10 MG / hydrochlorothiazide 12.5 MG / olmesartan medoxomil 40 MG Oral Tablet"
				},
				{
					"code": "999991",
					"display": "amlodipine 10 MG / hydrochlorothiazide 25 MG / olmesartan medoxomil 40 MG Oral Tablet"
				},
				{
					"code": "999996",
					"display": "amlodipine 5 MG / hydrochlorothiazide 12.5 MG / olmesartan medoxomil 40 MG Oral Tablet"
				}
			]
		}]
	}
}
