{
	"resourceType": "ValueSet",
	"id": "2.16.840.1.113762.1.4.1213.41",
	"url": "2.16.840.1.113762.1.4.1213.41",
	"version": "US 1.1",
	"name": "2.16.840.1.113762.1.4.1213.41",
	"status": "draft",
	"experimental": true,
	"date": "2018-06-20",
	"publisher": "PDDI CDS",
	"contact": [{
		"name": "Richard Boyce boycerd@upmc.edu"
	}],
	"description": "This set of values contains K-Sparing Diuretic medications.",
	"jurisdiction": [{
		"coding": [{
			"system": "urn:iso:std:iso:3166",
			"code": "US"
		}]
	}],
	"purpose": "This set of values contains K-Sparing Diuretic medications.",
	"compose": {
		"include": [{
			"system": "http://www.nlm.nih.gov/research/umls/rxnorm",
			"version": "04-Jun-2018",
			"concept": [{
					"code": "104230",
					"display": "spironolactone 1 MG/ML Oral Suspension"
				},
				{
					"code": "104231",
					"display": "spironolactone 2 MG/ML Oral Suspension"
				},
				{
					"code": "104232",
					"display": "spironolactone 5 MG/ML Oral Suspension"
				},
				{
					"code": "104233",
					"display": "spironolactone 10 MG/ML Oral Suspension"
				},
				{
					"code": "104245",
					"display": "benzthiazide 25 MG / triamterene 50 MG Oral Capsule"
				},
				{
					"code": "104248",
					"display": "chlorthalidone 50 MG / triamterene 50 MG Oral Tablet"
				},
				{
					"code": "198222",
					"display": "spironolactone 100 MG Oral Tablet"
				},
				{
					"code": "198223",
					"display": "spironolactone 50 MG Oral Tablet"
				},
				{
					"code": "198224",
					"display": "hydrochlorothiazide 25 MG / spironolactone 25 MG Oral Tablet"
				},
				{
					"code": "198225",
					"display": "hydrochlorothiazide 50 MG / spironolactone 50 MG Oral Tablet"
				},
				{
					"code": "198312",
					"display": "triamterene 100 MG Oral Capsule"
				},
				{
					"code": "198313",
					"display": "triamterene 50 MG Oral Capsule"
				},
				{
					"code": "198314",
					"display": "hydrochlorothiazide 25 MG / triamterene 50 MG Oral Capsule"
				},
				{
					"code": "198316",
					"display": "hydrochlorothiazide 25 MG / triamterene 37.5 MG Oral Capsule"
				},
				{
					"code": "246399",
					"display": "furosemide 20 MG / spironolactone 50 MG Oral Capsule"
				},
				{
					"code": "250376",
					"display": "hydroflumethiazide 25 MG / spironolactone 25 MG Oral Tablet"
				},
				{
					"code": "250377",
					"display": "hydroflumethiazide 50 MG / spironolactone 50 MG Oral Tablet"
				},
				{
					"code": "250708",
					"display": "furosemide 40 MG / triamterene 50 MG Oral Tablet"
				},
				{
					"code": "310812",
					"display": "hydrochlorothiazide 25 MG / triamterene 37.5 MG Oral Tablet"
				},
				{
					"code": "310818",
					"display": "hydrochlorothiazide 50 MG / triamterene 75 MG Oral Tablet"
				},
				{
					"code": "313096",
					"display": "spironolactone 25 MG Oral Tablet"
				},
				{
					"code": "314029",
					"display": "hydrochlorothiazide 25 MG / triamterene 50 MG Oral Tablet"
				},
				{
					"code": "351256",
					"display": "eplerenone 25 MG Oral Tablet"
				},
				{
					"code": "351257",
					"display": "eplerenone 50 MG Oral Tablet"
				},
				{
					"code": "351258",
					"display": "eplerenone 100 MG Oral Tablet"
				},
				{
					"code": "977880",
					"display": "amiloride hydrochloride 5 MG Oral Tablet"
				},
				{
					"code": "977883",
					"display": "amiloride hydrochloride 5 MG / hydrochlorothiazide 50 MG Oral Tablet"
				},
				{
					"code": "977887",
					"display": "amiloride hydrochloride 1 MG/ML Oral Solution"
				},
				{
					"code": "977890",
					"display": "amiloride hydrochloride 10 MG / furosemide 80 MG Oral Tablet"
				},
				{
					"code": "977907",
					"display": "amiloride hydrochloride 2.5 MG / cyclopenthiazide 0.25 MG Oral Tablet"
				},
				{
					"code": "977920",
					"display": "amiloride hydrochloride 2.5 MG / atenolol 50 MG / hydrochlorothiazide 25 MG Oral Capsule"
				},
				{
					"code": "977945",
					"display": "amiloride hydrochloride 2.5 MG / furosemide 20 MG Oral Tablet"
				},
				{
					"code": "977949",
					"display": "amiloride hydrochloride 2.5 MG / hydrochlorothiazide 25 MG / timolol maleate 10 MG Oral Tablet"
				},
				{
					"code": "977950",
					"display": "amiloride hydrochloride 2.5 MG / hydrochlorothiazide 25 MG Oral Tablet"
				},
				{
					"code": "977951",
					"display": "amiloride hydrochloride 5 MG / bumetanide 1 MG Oral Tablet"
				},
				{
					"code": "977959",
					"display": "amiloride hydrochloride 5 MG / furosemide 40 MG Oral Tablet"
				}
			]
		}]
	}
}
