848123,
848198,
848124,
848125,
317692,
238621,
446669,
317678,
316948,
4718,
1484929,
316953,
142222,
316954,
31695,
106332,
797685,
7067,
346163,
316956,
316957,
316960,
316959,
721655,
316961,
1739329,
316962,
126542,
346290,
1021284,
7628,
317544,
316963,
244286,
91344,
7670,
316964,
316971,
316972,
316973,
316974,
316975,
317542,
346170,
317005,
316976,
317006,
316977,
316978,
316979,
317680,
316982,
346285,
346286,
1788820,
316983,
316984,
316985,
317009,
316986,
346165,
1649353,
346287,
317543,
11103,
1788819,
11107,
11108,
317010,
316988,
11109,
479278,
337840,
11110
