TRUNCATE TABLE public.visit_occurrence;
TRUNCATE TABLE public.drug_era;
TRUNCATE TABLE public.condition_era;
TRUNCATE TABLE public.drug_exposure;
TRUNCATE TABLE public.measurement;
TRUNCATE TABLE public.person;

INSERT INTO person (person_id, gender_concept_id, year_of_birth, month_of_birth, day_of_birth, race_concept_id, ethnicity_concept_id, location_id) values (1495, 8507, 1935, 1, 1, 8527, 38003564, 321);
INSERT INTO drug_era (drug_era_id, person_id, drug_concept_id, drug_era_start_date, drug_era_end_date) values (70000, 1495, 1310149, '2/13/08', '4/27/08');
INSERT INTO drug_era (drug_era_id, person_id, drug_concept_id, drug_era_start_date, drug_era_end_date) values (70001, 1495, 1115008, '2/13/08', '4/27/08');
INSERT INTO drug_era (drug_era_id, person_id, drug_concept_id, drug_era_start_date, drug_era_end_date) values (70002, 1495, 923645, '2/13/08', '4/27/08');
INSERT INTO visit_occurrence (visit_occurrence_id, person_id, visit_concept_id, visit_start_date, visit_end_date, visit_type_concept_id, provider_id, care_site_id) values (150000, 1495, 9201, '2/13/08', '4/27/08', 44818517, 23492, 11905);
INSERT INTO drug_exposure (drug_exposure_id, person_id, drug_concept_id, drug_exposure_start_date, drug_exposure_end_date, drug_type_concept_id, quantity, days_supply, sig, indication_concept_id, route_concept_id, drug_exposure_start_datetime, drug_exposure_end_datetime) values (160000, 1495, 40163518, '2/13/08', '4/27/08', 38000175, 30, 30, '3 times daily', null, null, '2/13/08 00:00:00', '4/27/08 00:00:00');
INSERT INTO drug_exposure (drug_exposure_id, person_id, drug_concept_id, drug_exposure_start_date, drug_exposure_end_date, drug_type_concept_id, quantity, days_supply, sig, indication_concept_id, route_concept_id, drug_exposure_start_datetime, drug_exposure_end_datetime) values (160001, 1495, 1115129, '2/13/08', '4/27/08', 38000175, 30, 30, '3 times daily', null, null, '2/13/08 00:00:00', '4/27/08 00:00:00');
INSERT INTO drug_exposure (drug_exposure_id, person_id, drug_concept_id, drug_exposure_start_date, drug_exposure_end_date, drug_type_concept_id, quantity, days_supply, sig, indication_concept_id, route_concept_id, drug_exposure_start_datetime, drug_exposure_end_datetime) values (160002, 1495, 19023551, '2/13/08', '4/27/08', 38000175, 30, 30, '2 times daily', null, null, '2/13/08 00:00:00', '4/27/08 00:00:00');
INSERT INTO person (person_id, gender_concept_id, year_of_birth, month_of_birth, day_of_birth, race_concept_id, ethnicity_concept_id, location_id) values (1496, 8507, 1952, 1, 1, 8527, 38003564, 321);
INSERT INTO drug_era (drug_era_id, person_id, drug_concept_id, drug_era_start_date, drug_era_end_date) values (70003, 1496, 1310149, '2/13/08', '4/27/08');
INSERT INTO drug_era (drug_era_id, person_id, drug_concept_id, drug_era_start_date, drug_era_end_date) values (70004, 1496, 1236607, '2/13/08', '4/27/08');
INSERT INTO condition_era (condition_era_id, person_id, condition_concept_id, condition_era_start_date, condition_era_end_date) values (140000, 1496, 4046500, '2/13/08', '4/27/08');
INSERT INTO visit_occurrence (visit_occurrence_id, person_id, visit_concept_id, visit_start_date, visit_end_date, visit_type_concept_id, provider_id, care_site_id) values (150001, 1496, 9201, '2/13/08', '4/27/08', 44818517, 23492, 11905);
INSERT INTO drug_exposure (drug_exposure_id, person_id, drug_concept_id, drug_exposure_start_date, drug_exposure_end_date, drug_type_concept_id, quantity, days_supply, sig, indication_concept_id, route_concept_id, drug_exposure_start_datetime, drug_exposure_end_datetime) values (160003, 1496, 40163546, '2/13/08', '4/27/08', 38000175, 30, 30, '4 times daily', null, null, '2/13/08 00:00:00', '4/27/08 00:00:00');
INSERT INTO drug_exposure (drug_exposure_id, person_id, drug_concept_id, drug_exposure_start_date, drug_exposure_end_date, drug_type_concept_id, quantity, days_supply, sig, indication_concept_id, route_concept_id, drug_exposure_start_datetime, drug_exposure_end_datetime) values (160004, 1496, 1236610, '2/13/08', '4/27/08', 38000175, 30, 30, '2 times daily', null, null, '2/13/08 00:00:00', '4/27/08 00:00:00');
INSERT INTO person (person_id, gender_concept_id, year_of_birth, month_of_birth, day_of_birth, race_concept_id, ethnicity_concept_id, location_id) values (1497, 8507, 1970, 1, 1, 8527, 38003564, 321);
INSERT INTO drug_era (drug_era_id, person_id, drug_concept_id, drug_era_start_date, drug_era_end_date) values (70005, 1497, 1310149, '2/13/08', '4/27/08');
INSERT INTO drug_era (drug_era_id, person_id, drug_concept_id, drug_era_start_date, drug_era_end_date) values (70006, 1497, 1236607, '2/13/08', '4/27/08');
INSERT INTO drug_era (drug_era_id, person_id, drug_concept_id, drug_era_start_date, drug_era_end_date) values (70007, 1497, 970250, '2/13/08', '4/27/08');
INSERT INTO visit_occurrence (visit_occurrence_id, person_id, visit_concept_id, visit_start_date, visit_end_date, visit_type_concept_id, provider_id, care_site_id) values (150002, 1497, 9201, '2/13/08', '4/27/08', 44818517, 23492, 11905);
INSERT INTO drug_exposure (drug_exposure_id, person_id, drug_concept_id, drug_exposure_start_date, drug_exposure_end_date, drug_type_concept_id, quantity, days_supply, sig, indication_concept_id, route_concept_id, drug_exposure_start_datetime, drug_exposure_end_datetime) values (160005, 1497, 40163546, '2/13/08', '4/27/08', 38000175, 30, 30, '4 times daily', null, null, '2/13/08 00:00:00', '4/27/08 00:00:00');
INSERT INTO drug_exposure (drug_exposure_id, person_id, drug_concept_id, drug_exposure_start_date, drug_exposure_end_date, drug_type_concept_id, quantity, days_supply, sig, indication_concept_id, route_concept_id, drug_exposure_start_datetime, drug_exposure_end_datetime) values (160006, 1497, 1236610, '2/13/08', '4/27/08', 38000175, 30, 30, '2 times daily', null, null, '2/13/08 00:00:00', '4/27/08 00:00:00');
INSERT INTO drug_exposure (drug_exposure_id, person_id, drug_concept_id, drug_exposure_start_date, drug_exposure_end_date, drug_type_concept_id, quantity, days_supply, sig, indication_concept_id, route_concept_id, drug_exposure_start_datetime, drug_exposure_end_datetime) values (160007, 1497, 970282, '2/13/08', '4/27/08', 38000175, 30, 30, '3 times daily', null, null, '2/13/08 00:00:00', '4/27/08 00:00:00');
INSERT INTO person (person_id, gender_concept_id, year_of_birth, month_of_birth, day_of_birth, race_concept_id, ethnicity_concept_id, location_id) values (1498, 8507, 1940, 1, 1, 8527, 38003564, 321);
INSERT INTO drug_era (drug_era_id, person_id, drug_concept_id, drug_era_start_date, drug_era_end_date) values (70008, 1498, 1310149, '2/13/08', '4/27/08');
INSERT INTO drug_era (drug_era_id, person_id, drug_concept_id, drug_era_start_date, drug_era_end_date) values (70009, 1498, 1136980, '2/13/08', '4/27/08');
INSERT INTO drug_era (drug_era_id, person_id, drug_concept_id, drug_era_start_date, drug_era_end_date) values (70010, 1498, 1551099, '2/13/08', '4/27/08');
INSERT INTO visit_occurrence (visit_occurrence_id, person_id, visit_concept_id, visit_start_date, visit_end_date, visit_type_concept_id, provider_id, care_site_id) values (150003, 1498, 9201, '2/13/08', '4/27/08', 44818517, 23492, 11905);
INSERT INTO drug_exposure (drug_exposure_id, person_id, drug_concept_id, drug_exposure_start_date, drug_exposure_end_date, drug_type_concept_id, quantity, days_supply, sig, indication_concept_id, route_concept_id, drug_exposure_start_datetime, drug_exposure_end_datetime) values (160008, 1498, 40163518, '2/13/08', '4/27/08', 38000175, 30, 30, '2 times daily', null, null, '2/13/08 00:00:00', '4/27/08 00:00:00');
INSERT INTO drug_exposure (drug_exposure_id, person_id, drug_concept_id, drug_exposure_start_date, drug_exposure_end_date, drug_type_concept_id, quantity, days_supply, sig, indication_concept_id, route_concept_id, drug_exposure_start_datetime, drug_exposure_end_datetime) values (160009, 1498, 19133853, '2/13/08', '4/27/08', 38000175, 30, 30, '4 times daily', null, null, '2/13/08 00:00:00', '4/27/08 00:00:00');
INSERT INTO drug_exposure (drug_exposure_id, person_id, drug_concept_id, drug_exposure_start_date, drug_exposure_end_date, drug_type_concept_id, quantity, days_supply, sig, indication_concept_id, route_concept_id, drug_exposure_start_datetime, drug_exposure_end_datetime) values (160010, 1498, 1551170, '2/13/08', '4/27/08', 38000175, 30, 30, '4 times daily', null, null, '2/13/08 00:00:00', '4/27/08 00:00:00');
INSERT INTO person (person_id, gender_concept_id, year_of_birth, month_of_birth, day_of_birth, race_concept_id, ethnicity_concept_id, location_id) values (1499, 8507, 1970, 1, 1, 8527, 38003564, 321);
INSERT INTO drug_era (drug_era_id, person_id, drug_concept_id, drug_era_start_date, drug_era_end_date) values (70011, 1499, 1310149, '2/13/08', '4/27/08');
INSERT INTO drug_era (drug_era_id, person_id, drug_concept_id, drug_era_start_date, drug_era_end_date) values (70012, 1499, 1136980, '2/13/08', '4/27/08');
INSERT INTO visit_occurrence (visit_occurrence_id, person_id, visit_concept_id, visit_start_date, visit_end_date, visit_type_concept_id, provider_id, care_site_id) values (150004, 1499, 9201, '2/13/08', '4/27/08', 44818517, 23492, 11905);
INSERT INTO drug_exposure (drug_exposure_id, person_id, drug_concept_id, drug_exposure_start_date, drug_exposure_end_date, drug_type_concept_id, quantity, days_supply, sig, indication_concept_id, route_concept_id, drug_exposure_start_datetime, drug_exposure_end_datetime) values (160011, 1499, 40163518, '2/13/08', '4/27/08', 38000175, 30, 30, '2 times daily', null, null, '2/13/08 00:00:00', '4/27/08 00:00:00');
INSERT INTO drug_exposure (drug_exposure_id, person_id, drug_concept_id, drug_exposure_start_date, drug_exposure_end_date, drug_type_concept_id, quantity, days_supply, sig, indication_concept_id, route_concept_id, drug_exposure_start_datetime, drug_exposure_end_datetime) values (160012, 1499, 19133853, '2/13/08', '4/27/08', 38000175, 30, 30, '4 times daily', null, null, '2/13/08 00:00:00', '4/27/08 00:00:00');
INSERT INTO person (person_id, gender_concept_id, year_of_birth, month_of_birth, day_of_birth, race_concept_id, ethnicity_concept_id, location_id) values (1500, 8507, 1950, 1, 1, 8527, 38003564, 321);
INSERT INTO drug_era (drug_era_id, person_id, drug_concept_id, drug_era_start_date, drug_era_end_date) values (70013, 1500, 19049105, '2/13/08', '4/27/08');
INSERT INTO drug_era (drug_era_id, person_id, drug_concept_id, drug_era_start_date, drug_era_end_date) values (70014, 1500, 970250, '2/13/08', '4/27/08');
INSERT INTO visit_occurrence (visit_occurrence_id, person_id, visit_concept_id, visit_start_date, visit_end_date, visit_type_concept_id, provider_id, care_site_id) values (150005, 1500, 9201, '2/13/08', '4/27/08', 44818517, 23492, 11905);
INSERT INTO drug_exposure (drug_exposure_id, person_id, drug_concept_id, drug_exposure_start_date, drug_exposure_end_date, drug_type_concept_id, quantity, days_supply, sig, indication_concept_id, route_concept_id, drug_exposure_start_datetime, drug_exposure_end_datetime) values (160013, 1500, 19049371, '2/13/08', '4/27/08', 38000175, 30, 30, '2 times daily', null, null, '2/13/08 00:00:00', '4/27/08 00:00:00');
INSERT INTO drug_exposure (drug_exposure_id, person_id, drug_concept_id, drug_exposure_start_date, drug_exposure_end_date, drug_type_concept_id, quantity, days_supply, sig, indication_concept_id, route_concept_id, drug_exposure_start_datetime, drug_exposure_end_datetime) values (160014, 1500, 19106647, '2/13/08', '4/27/08', 38000175, 30, 30, '3 times daily', null, null, '2/13/08 00:00:00', '4/27/08 00:00:00');
INSERT INTO measurement (measurement_id, person_id, measurement_concept_id, measurement_date, measurement_type_concept_id, value_as_number, unit_concept_id) values (170000, 1500, 3023103, '2/13/08', 45754907, 4.2, 9557);
INSERT INTO person (person_id, gender_concept_id, year_of_birth, month_of_birth, day_of_birth, race_concept_id, ethnicity_concept_id, location_id) values (1501, 8507, 1950, 1, 1, 8527, 38003564, 321);
INSERT INTO drug_era (drug_era_id, person_id, drug_concept_id, drug_era_start_date, drug_era_end_date) values (70015, 1501, 19049105, '2/13/08', '4/27/08');
INSERT INTO drug_era (drug_era_id, person_id, drug_concept_id, drug_era_start_date, drug_era_end_date) values (70016, 1501, 970250, '2/13/08', '4/27/08');
INSERT INTO drug_era (drug_era_id, person_id, drug_concept_id, drug_era_start_date, drug_era_end_date) values (70017, 1501, 1335471, '2/13/08', '4/27/08');
INSERT INTO visit_occurrence (visit_occurrence_id, person_id, visit_concept_id, visit_start_date, visit_end_date, visit_type_concept_id, provider_id, care_site_id) values (150006, 1501, 9201, '2/13/08', '4/27/08', 44818517, 23492, 11905);
INSERT INTO drug_exposure (drug_exposure_id, person_id, drug_concept_id, drug_exposure_start_date, drug_exposure_end_date, drug_type_concept_id, quantity, days_supply, sig, indication_concept_id, route_concept_id, drug_exposure_start_datetime, drug_exposure_end_datetime) values (160015, 1501, 19049376, '2/13/08', '4/27/08', 38000175, 30, 30, '3 times daily', null, null, '2/13/08 00:00:00', '4/27/08 00:00:00');
INSERT INTO drug_exposure (drug_exposure_id, person_id, drug_concept_id, drug_exposure_start_date, drug_exposure_end_date, drug_type_concept_id, quantity, days_supply, sig, indication_concept_id, route_concept_id, drug_exposure_start_datetime, drug_exposure_end_datetime) values (160016, 1501, 19106647, '2/13/08', '4/27/08', 38000175, 30, 30, '4 times daily', null, null, '2/13/08 00:00:00', '4/27/08 00:00:00');
INSERT INTO drug_exposure (drug_exposure_id, person_id, drug_concept_id, drug_exposure_start_date, drug_exposure_end_date, drug_type_concept_id, quantity, days_supply, sig, indication_concept_id, route_concept_id, drug_exposure_start_datetime, drug_exposure_end_datetime) values (160017, 1501, 40171675, '2/13/08', '4/27/08', 38000175, 30, 30, '4 times daily', null, null, '2/13/08 00:00:00', '4/27/08 00:00:00');
INSERT INTO measurement (measurement_id, person_id, measurement_concept_id, measurement_date, measurement_type_concept_id, value_as_number, unit_concept_id) values (170001, 1501, 3023103, '2/13/08', 45754907, 5.1, 9557);
INSERT INTO person (person_id, gender_concept_id, year_of_birth, month_of_birth, day_of_birth, race_concept_id, ethnicity_concept_id, location_id) values (1502, 8507, 1930, 1, 1, 8527, 38003564, 321);
INSERT INTO drug_era (drug_era_id, person_id, drug_concept_id, drug_era_start_date, drug_era_end_date) values (70018, 1502, 19049105, '2/13/08', '4/27/08');
INSERT INTO drug_era (drug_era_id, person_id, drug_concept_id, drug_era_start_date, drug_era_end_date) values (70019, 1502, 970250, '2/13/08', '4/27/08');
INSERT INTO visit_occurrence (visit_occurrence_id, person_id, visit_concept_id, visit_start_date, visit_end_date, visit_type_concept_id, provider_id, care_site_id) values (150007, 1502, 9201, '2/13/08', '4/27/08', 44818517, 23492, 11905);
INSERT INTO drug_exposure (drug_exposure_id, person_id, drug_concept_id, drug_exposure_start_date, drug_exposure_end_date, drug_type_concept_id, quantity, days_supply, sig, indication_concept_id, route_concept_id, drug_exposure_start_datetime, drug_exposure_end_datetime) values (160018, 1502, 19049376, '2/13/08', '4/27/08', 38000175, 30, 30, '2 times daily', null, null, '2/13/08 00:00:00', '4/27/08 00:00:00');
INSERT INTO drug_exposure (drug_exposure_id, person_id, drug_concept_id, drug_exposure_start_date, drug_exposure_end_date, drug_type_concept_id, quantity, days_supply, sig, indication_concept_id, route_concept_id, drug_exposure_start_datetime, drug_exposure_end_datetime) values (160019, 1502, 19106647, '2/13/08', '4/27/08', 38000175, 30, 30, '3 times daily', null, null, '2/13/08 00:00:00', '4/27/08 00:00:00');
INSERT INTO measurement (measurement_id, person_id, measurement_concept_id, measurement_date, measurement_type_concept_id, value_as_number, unit_concept_id) values (170002, 1502, 3023103, '2/13/08', 45754907, 5.5, 9557);
INSERT INTO measurement (measurement_id, person_id, measurement_concept_id, measurement_date, measurement_type_concept_id, value_as_number, unit_concept_id) values (170003, 1502, 3016723, '2/13/08', 45754907, 32, 8795);
INSERT INTO person (person_id, gender_concept_id, year_of_birth, month_of_birth, day_of_birth, race_concept_id, ethnicity_concept_id, location_id) values (1503, 8507, 1940, 1, 1, 8527, 38003564, 321);
INSERT INTO drug_era (drug_era_id, person_id, drug_concept_id, drug_era_start_date, drug_era_end_date) values (70020, 1503, 19049105, '2/13/08', '4/27/08');
INSERT INTO drug_era (drug_era_id, person_id, drug_concept_id, drug_era_start_date, drug_era_end_date) values (70021, 1503, 970250, '2/13/08', '4/27/08');
INSERT INTO visit_occurrence (visit_occurrence_id, person_id, visit_concept_id, visit_start_date, visit_end_date, visit_type_concept_id, provider_id, care_site_id) values (150008, 1503, 9201, '2/13/08', '4/27/08', 44818517, 23492, 11905);
INSERT INTO drug_exposure (drug_exposure_id, person_id, drug_concept_id, drug_exposure_start_date, drug_exposure_end_date, drug_type_concept_id, quantity, days_supply, sig, indication_concept_id, route_concept_id, drug_exposure_start_datetime, drug_exposure_end_datetime) values (160020, 1503, 19104396, '2/13/08', '4/27/08', 38000175, 20, 10, '3 times daily', null, null, '2/13/08 00:00:00', '4/27/08 00:00:00');
INSERT INTO drug_exposure (drug_exposure_id, person_id, drug_concept_id, drug_exposure_start_date, drug_exposure_end_date, drug_type_concept_id, quantity, days_supply, sig, indication_concept_id, route_concept_id, drug_exposure_start_datetime, drug_exposure_end_datetime) values (160021, 1503, 19106647, '2/13/08', '4/27/08', 38000175, 30, 30, '2 times daily', null, null, '2/13/08 00:00:00', '4/27/08 00:00:00');
INSERT INTO measurement (measurement_id, person_id, measurement_concept_id, measurement_date, measurement_type_concept_id, value_as_number, unit_concept_id) values (170004, 1503, 3023103, '2/13/08', 45754907, 3.5, 9557);
INSERT INTO measurement (measurement_id, person_id, measurement_concept_id, measurement_date, measurement_type_concept_id, value_as_number, unit_concept_id) values (170005, 1503, 3016723, '2/13/08', 45754907, 32, 8795);
INSERT INTO person (person_id, gender_concept_id, year_of_birth, month_of_birth, day_of_birth, race_concept_id, ethnicity_concept_id, location_id) values (1504, 8507, 1955, 1, 1, 8527, 38003564, 321);
INSERT INTO drug_era (drug_era_id, person_id, drug_concept_id, drug_era_start_date, drug_era_end_date) values (70022, 1504, 1754994, '2/13/08', '4/27/08');
INSERT INTO drug_era (drug_era_id, person_id, drug_concept_id, drug_era_start_date, drug_era_end_date) values (70023, 1504, 1124957, '2/13/08', '4/27/08');
INSERT INTO visit_occurrence (visit_occurrence_id, person_id, visit_concept_id, visit_start_date, visit_end_date, visit_type_concept_id, provider_id, care_site_id) values (150009, 1504, 9202, '2/13/08', '4/27/08', 44818517, 23492, 11905);
INSERT INTO drug_exposure (drug_exposure_id, person_id, drug_concept_id, drug_exposure_start_date, drug_exposure_end_date, drug_type_concept_id, quantity, days_supply, sig, indication_concept_id, route_concept_id, drug_exposure_start_datetime, drug_exposure_end_datetime) values (160022, 1504, 19019004, '2/13/08', '4/27/08', 38000175, 60, 30, 'Daily', null, null, '2/13/08 00:00:00', '4/27/08 00:00:00');
INSERT INTO drug_exposure (drug_exposure_id, person_id, drug_concept_id, drug_exposure_start_date, drug_exposure_end_date, drug_type_concept_id, quantity, days_supply, sig, indication_concept_id, route_concept_id, drug_exposure_start_datetime, drug_exposure_end_datetime) values (160023, 1504, 40232717, '2/13/08', '4/27/08', 38000175, 120, 30, 'Daily', null, null, '2/13/08 00:00:00', '4/27/08 00:00:00');
INSERT INTO person (person_id, gender_concept_id, year_of_birth, month_of_birth, day_of_birth, race_concept_id, ethnicity_concept_id, location_id) values (1505, 8507, 1950, 1, 1, 8527, 38003564, 321);
INSERT INTO drug_era (drug_era_id, person_id, drug_concept_id, drug_era_start_date, drug_era_end_date) values (70024, 1505, 1754994, '2/13/08', '4/27/08');
INSERT INTO drug_era (drug_era_id, person_id, drug_concept_id, drug_era_start_date, drug_era_end_date) values (70025, 1505, 1124957, '2/13/08', '4/27/08');
INSERT INTO visit_occurrence (visit_occurrence_id, person_id, visit_concept_id, visit_start_date, visit_end_date, visit_type_concept_id, provider_id, care_site_id) values (150010, 1505, 9202, '2/13/08', '4/27/08', 44818517, 23492, 11905);
INSERT INTO drug_exposure (drug_exposure_id, person_id, drug_concept_id, drug_exposure_start_date, drug_exposure_end_date, drug_type_concept_id, quantity, days_supply, sig, indication_concept_id, route_concept_id, drug_exposure_start_datetime, drug_exposure_end_datetime) values (160024, 1505, 19019004, '2/13/08', '4/27/08', 38000175, 30, 30, '2 times daily', null, null, '2/13/08 00:00:00', '4/27/08 00:00:00');
INSERT INTO drug_exposure (drug_exposure_id, person_id, drug_concept_id, drug_exposure_start_date, drug_exposure_end_date, drug_type_concept_id, quantity, days_supply, sig, indication_concept_id, route_concept_id, drug_exposure_start_datetime, drug_exposure_end_datetime) values (160025, 1505, 40232717, '2/13/08', '4/27/08', 38000175, 30, 30, '4 times daily', null, null, '2/13/08 00:00:00', '4/27/08 00:00:00');
INSERT INTO person (person_id, gender_concept_id, year_of_birth, month_of_birth, day_of_birth, race_concept_id, ethnicity_concept_id, location_id) values (1506, 8507, 1952, 1, 1, 8527, 38003564, 321);
INSERT INTO drug_era (drug_era_id, person_id, drug_concept_id, drug_era_start_date, drug_era_end_date) values (70026, 1506, 1754994, '2/13/08', '4/27/08');
INSERT INTO drug_era (drug_era_id, person_id, drug_concept_id, drug_era_start_date, drug_era_end_date) values (70027, 1506, 1124957, '2/13/08', '4/27/08');
INSERT INTO visit_occurrence (visit_occurrence_id, person_id, visit_concept_id, visit_start_date, visit_end_date, visit_type_concept_id, provider_id, care_site_id) values (150011, 1506, 9202, '2/13/08', '4/27/08', 44818517, 23492, 11905);
INSERT INTO drug_exposure (drug_exposure_id, person_id, drug_concept_id, drug_exposure_start_date, drug_exposure_end_date, drug_type_concept_id, quantity, days_supply, sig, indication_concept_id, route_concept_id, drug_exposure_start_datetime, drug_exposure_end_datetime) values (160026, 1506, 19019004, '2/13/08', '4/27/08', 38000175, 60, 30, 'Daily', null, null, '2/13/08 00:00:00', '4/27/08 00:00:00');
INSERT INTO drug_exposure (drug_exposure_id, person_id, drug_concept_id, drug_exposure_start_date, drug_exposure_end_date, drug_type_concept_id, quantity, days_supply, sig, indication_concept_id, route_concept_id, drug_exposure_start_datetime, drug_exposure_end_datetime) values (160027, 1506, 40232717, '2/13/08', '4/27/08', 38000175, 30, 30, '4 times daily', null, null, '2/13/08 00:00:00', '4/27/08 00:00:00');
INSERT INTO person (person_id, gender_concept_id, year_of_birth, month_of_birth, day_of_birth, race_concept_id, ethnicity_concept_id, location_id) values (1507, 8507, 1953, 1, 1, 8527, 38003564, 321);
INSERT INTO drug_era (drug_era_id, person_id, drug_concept_id, drug_era_start_date, drug_era_end_date) values (70028, 1507, 1754994, '2/13/08', '4/27/08');
INSERT INTO drug_era (drug_era_id, person_id, drug_concept_id, drug_era_start_date, drug_era_end_date) values (70029, 1507, 1154029, '2/13/08', '4/27/08');
INSERT INTO visit_occurrence (visit_occurrence_id, person_id, visit_concept_id, visit_start_date, visit_end_date, visit_type_concept_id, provider_id, care_site_id) values (150012, 1507, 9202, '2/13/08', '4/27/08', 44818517, 23492, 11905);
INSERT INTO drug_exposure (drug_exposure_id, person_id, drug_concept_id, drug_exposure_start_date, drug_exposure_end_date, drug_type_concept_id, quantity, days_supply, sig, indication_concept_id, route_concept_id, drug_exposure_start_datetime, drug_exposure_end_datetime) values (160028, 1507, 19019004, '2/13/08', '4/27/08', 38000175, 60, 30, 'Daily', null, null, '2/13/08 00:00:00', '4/27/08 00:00:00');
INSERT INTO drug_exposure (drug_exposure_id, person_id, drug_concept_id, drug_exposure_start_date, drug_exposure_end_date, drug_type_concept_id, quantity, days_supply, sig, indication_concept_id, route_concept_id, drug_exposure_start_datetime, drug_exposure_end_datetime) values (160029, 1507, 1154108, '2/13/08', '4/27/08', 38000175, 3, 1, '4 times daily', null, null, '2/13/08 00:00:00', '4/27/08 00:00:00');
INSERT INTO person (person_id, gender_concept_id, year_of_birth, month_of_birth, day_of_birth, race_concept_id, ethnicity_concept_id, location_id) values (1508, 8507, 1940, 1, 1, 8527, 38003564, 321);
INSERT INTO drug_era (drug_era_id, person_id, drug_concept_id, drug_era_start_date, drug_era_end_date) values (70030, 1508, 19049105, '2/13/08', '4/27/08');
INSERT INTO drug_era (drug_era_id, person_id, drug_concept_id, drug_era_start_date, drug_era_end_date) values (70031, 1508, 970250, '2/13/08', '4/27/08');
INSERT INTO visit_occurrence (visit_occurrence_id, person_id, visit_concept_id, visit_start_date, visit_end_date, visit_type_concept_id, provider_id, care_site_id) values (150013, 1508, 9201, '2/13/08', '4/27/08', 44818517, 23492, 11905);
INSERT INTO drug_exposure (drug_exposure_id, person_id, drug_concept_id, drug_exposure_start_date, drug_exposure_end_date, drug_type_concept_id, quantity, days_supply, sig, indication_concept_id, route_concept_id, drug_exposure_start_datetime, drug_exposure_end_datetime) values (160030, 1508, 19104396, '2/14/08', '4/27/08', 38000175, 20, 10, '3 times daily', null, null, '2/14/08 00:00:00', '4/27/08 00:00:00');
INSERT INTO drug_exposure (drug_exposure_id, person_id, drug_concept_id, drug_exposure_start_date, drug_exposure_end_date, drug_type_concept_id, quantity, days_supply, sig, indication_concept_id, route_concept_id, drug_exposure_start_datetime, drug_exposure_end_datetime) values (160031, 1508, 19106647, '2/13/08', '4/27/08', 38000175, 30, 30, '2 times daily', null, null, '2/13/08 00:00:00', '4/27/08 00:00:00');
INSERT INTO person (person_id, gender_concept_id, year_of_birth, month_of_birth, day_of_birth, race_concept_id, ethnicity_concept_id, location_id) values (1509, 8507, 1950, 1, 1, 8527, 38003564, 321);
INSERT INTO drug_era (drug_era_id, person_id, drug_concept_id, drug_era_start_date, drug_era_end_date) values (70032, 1509, 1343916, '2/13/08', '4/27/08');
INSERT INTO drug_era (drug_era_id, person_id, drug_concept_id, drug_era_start_date, drug_era_end_date) values (70033, 1509, 1353766, '2/13/08', '4/27/08');
INSERT INTO visit_occurrence (visit_occurrence_id, person_id, visit_concept_id, visit_start_date, visit_end_date, visit_type_concept_id, provider_id, care_site_id) values (150014, 1509, 9201, '2/13/08', '4/27/08', 44818517, 23492, 11905);
INSERT INTO drug_exposure (drug_exposure_id, person_id, drug_concept_id, drug_exposure_start_date, drug_exposure_end_date, drug_type_concept_id, quantity, days_supply, sig, indication_concept_id, route_concept_id, drug_exposure_start_datetime, drug_exposure_end_datetime) values (160032, 1509, 19076899, '2/14/08', '4/27/08', 38000175, 1, 1, '4 times daily', null, null, '2/14/08 00:00:00', '4/27/08 00:00:00');
INSERT INTO drug_exposure (drug_exposure_id, person_id, drug_concept_id, drug_exposure_start_date, drug_exposure_end_date, drug_type_concept_id, quantity, days_supply, sig, indication_concept_id, route_concept_id, drug_exposure_start_datetime, drug_exposure_end_datetime) values (160033, 1509, 40163312, '2/13/08', '4/27/08', 38000175, 30, 30, '2 times daily', null, null, '2/13/08 00:00:00', '4/27/08 00:00:00');
INSERT INTO person (person_id, gender_concept_id, year_of_birth, month_of_birth, day_of_birth, race_concept_id, ethnicity_concept_id, location_id) values (1510, 8507, 1955, 1, 1, 8527, 38003564, 321);
INSERT INTO drug_era (drug_era_id, person_id, drug_concept_id, drug_era_start_date, drug_era_end_date) values (70034, 1510, 1343916, '2/13/08', '4/27/08');
INSERT INTO drug_era (drug_era_id, person_id, drug_concept_id, drug_era_start_date, drug_era_end_date) values (70035, 1510, 1322081, '2/13/08', '4/27/08');
INSERT INTO visit_occurrence (visit_occurrence_id, person_id, visit_concept_id, visit_start_date, visit_end_date, visit_type_concept_id, provider_id, care_site_id) values (150015, 1510, 9201, '2/13/08', '4/27/08', 44818517, 23492, 11905);
INSERT INTO drug_exposure (drug_exposure_id, person_id, drug_concept_id, drug_exposure_start_date, drug_exposure_end_date, drug_type_concept_id, quantity, days_supply, sig, indication_concept_id, route_concept_id, drug_exposure_start_datetime, drug_exposure_end_datetime) values (160034, 1510, 19076899, '2/13/08', '4/27/08', 38000175, 1, 1, '4 times daily', null, null, '2/13/08 00:00:00', '4/27/08 00:00:00');
INSERT INTO drug_exposure (drug_exposure_id, person_id, drug_concept_id, drug_exposure_start_date, drug_exposure_end_date, drug_type_concept_id, quantity, days_supply, sig, indication_concept_id, route_concept_id, drug_exposure_start_datetime, drug_exposure_end_datetime) values (160035, 1510, 42800549, '2/13/08', '4/27/08', 38000175, 60, 30, '2 times daily', null, null, '2/13/08 00:00:00', '4/27/08 00:00:00');
INSERT INTO person (person_id, gender_concept_id, year_of_birth, month_of_birth, day_of_birth, race_concept_id, ethnicity_concept_id, location_id) values (1511, 8507, 1960, 1, 1, 8527, 38003564, 321);
INSERT INTO drug_era (drug_era_id, person_id, drug_concept_id, drug_era_start_date, drug_era_end_date) values (70036, 1511, 1343916, '2/13/08', '4/27/08');
INSERT INTO drug_era (drug_era_id, person_id, drug_concept_id, drug_era_start_date, drug_era_end_date) values (70037, 1511, 1314002, '2/13/08', '4/27/08');
INSERT INTO visit_occurrence (visit_occurrence_id, person_id, visit_concept_id, visit_start_date, visit_end_date, visit_type_concept_id, provider_id, care_site_id) values (150016, 1511, 9201, '2/13/08', '4/27/08', 44818517, 23492, 11905);
INSERT INTO drug_exposure (drug_exposure_id, person_id, drug_concept_id, drug_exposure_start_date, drug_exposure_end_date, drug_type_concept_id, quantity, days_supply, sig, indication_concept_id, route_concept_id, drug_exposure_start_datetime, drug_exposure_end_datetime) values (160036, 1511, 19076899, '2/14/08', '4/27/08', 38000175, 1, 1, '4 times daily', 4340851, null, '2/14/08 00:00:00', '4/27/08 00:00:00');
INSERT INTO drug_exposure (drug_exposure_id, person_id, drug_concept_id, drug_exposure_start_date, drug_exposure_end_date, drug_type_concept_id, quantity, days_supply, sig, indication_concept_id, route_concept_id, drug_exposure_start_datetime, drug_exposure_end_datetime) values (160037, 1511, 19018811, '2/13/08', '4/27/08', 38000175, 150, 30, 'Daily', null, null, '2/13/08 00:00:00', '4/27/08 00:00:00');
INSERT INTO measurement (measurement_id, person_id, measurement_concept_id, measurement_date, measurement_type_concept_id, value_as_number, unit_concept_id) values (170006, 1511, 3016723, '2/13/08', 45754907, 45, 8795);
INSERT INTO person (person_id, gender_concept_id, year_of_birth, month_of_birth, day_of_birth, race_concept_id, ethnicity_concept_id, location_id) values (1512, 8507, 1930, 1, 1, 8527, 38003564, 321);
INSERT INTO drug_era (drug_era_id, person_id, drug_concept_id, drug_era_start_date, drug_era_end_date) values (70038, 1512, 1343916, '2/13/08', '4/27/08');
INSERT INTO drug_era (drug_era_id, person_id, drug_concept_id, drug_era_start_date, drug_era_end_date) values (70039, 1512, 1314002, '2/13/08', '4/27/08');
INSERT INTO visit_occurrence (visit_occurrence_id, person_id, visit_concept_id, visit_start_date, visit_end_date, visit_type_concept_id, provider_id, care_site_id) values (150017, 1512, 9201, '2/13/08', '4/27/08', 44818517, 23492, 11905);
INSERT INTO drug_exposure (drug_exposure_id, person_id, drug_concept_id, drug_exposure_start_date, drug_exposure_end_date, drug_type_concept_id, quantity, days_supply, sig, indication_concept_id, route_concept_id, drug_exposure_start_datetime, drug_exposure_end_datetime) values (160038, 1512, 19076899, '2/13/08', '4/27/08', 38000175, 1, 1, '4 times daily', 4340851, null, '2/13/08 00:00:00', '4/27/08 00:00:00');
INSERT INTO drug_exposure (drug_exposure_id, person_id, drug_concept_id, drug_exposure_start_date, drug_exposure_end_date, drug_type_concept_id, quantity, days_supply, sig, indication_concept_id, route_concept_id, drug_exposure_start_datetime, drug_exposure_end_datetime) values (160039, 1512, 19018811, '2/13/08', '4/27/08', 38000175, 120, 30, 'Daily', null, null, '2/13/08 00:00:00', '4/27/08 00:00:00');
INSERT INTO measurement (measurement_id, person_id, measurement_concept_id, measurement_date, measurement_type_concept_id, value_as_number, unit_concept_id) values (170007, 1512, 3016723, '2/13/08', 45754907, 35, 8795);
INSERT INTO person (person_id, gender_concept_id, year_of_birth, month_of_birth, day_of_birth, race_concept_id, ethnicity_concept_id, location_id) values (1513, 8507, 1930, 1, 1, 8527, 38003564, 321);
INSERT INTO drug_era (drug_era_id, person_id, drug_concept_id, drug_era_start_date, drug_era_end_date) values (70040, 1513, 1343916, '2/13/08', '4/27/08');
INSERT INTO drug_era (drug_era_id, person_id, drug_concept_id, drug_era_start_date, drug_era_end_date) values (70041, 1513, 1338005, '2/13/08', '4/27/08');
INSERT INTO visit_occurrence (visit_occurrence_id, person_id, visit_concept_id, visit_start_date, visit_end_date, visit_type_concept_id, provider_id, care_site_id) values (150018, 1513, 9201, '2/13/08', '4/27/08', 44818517, 23492, 11905);
INSERT INTO drug_exposure (drug_exposure_id, person_id, drug_concept_id, drug_exposure_start_date, drug_exposure_end_date, drug_type_concept_id, quantity, days_supply, sig, indication_concept_id, route_concept_id, drug_exposure_start_datetime, drug_exposure_end_datetime) values (160040, 1513, 19076899, '2/14/08', '4/27/08', 38000175, 1, 1, '4 times daily', 4340851, null, '2/14/08 00:00:00', '4/27/08 00:00:00');
INSERT INTO drug_exposure (drug_exposure_id, person_id, drug_concept_id, drug_exposure_start_date, drug_exposure_end_date, drug_type_concept_id, quantity, days_supply, sig, indication_concept_id, route_concept_id, drug_exposure_start_datetime, drug_exposure_end_datetime) values (160041, 1513, 40162867, '2/13/08', '4/27/08', 38000175, 90, 30, '2 times daily', null, null, '2/13/08 00:00:00', '4/27/08 00:00:00');
INSERT INTO measurement (measurement_id, person_id, measurement_concept_id, measurement_date, measurement_type_concept_id, value_as_number, unit_concept_id) values (170008, 1513, 3016723, '2/13/08', 45754907, 35, 8795);
INSERT INTO person (person_id, gender_concept_id, year_of_birth, month_of_birth, day_of_birth, race_concept_id, ethnicity_concept_id, location_id) values (1514, 8507, 1930, 1, 1, 8527, 38003564, 321);
INSERT INTO drug_era (drug_era_id, person_id, drug_concept_id, drug_era_start_date, drug_era_end_date) values (70042, 1514, 1343916, '2/13/08', '4/27/08');
INSERT INTO drug_era (drug_era_id, person_id, drug_concept_id, drug_era_start_date, drug_era_end_date) values (70043, 1514, 1338005, '2/13/08', '4/27/08');
INSERT INTO visit_occurrence (visit_occurrence_id, person_id, visit_concept_id, visit_start_date, visit_end_date, visit_type_concept_id, provider_id, care_site_id) values (150019, 1514, 9201, '2/13/08', '4/27/08', 44818517, 23492, 11905);
INSERT INTO drug_exposure (drug_exposure_id, person_id, drug_concept_id, drug_exposure_start_date, drug_exposure_end_date, drug_type_concept_id, quantity, days_supply, sig, indication_concept_id, route_concept_id, drug_exposure_start_datetime, drug_exposure_end_datetime) values (160042, 1514, 40226826, '2/13/08', '4/27/08', 38000175, 60, 1, '4 times daily', null, null, '2/13/08 00:00:00', '4/27/08 00:00:00');
INSERT INTO drug_exposure (drug_exposure_id, person_id, drug_concept_id, drug_exposure_start_date, drug_exposure_end_date, drug_type_concept_id, quantity, days_supply, sig, indication_concept_id, route_concept_id, drug_exposure_start_datetime, drug_exposure_end_datetime) values (160043, 1514, 40162867, '2/13/08', '4/27/08', 38000175, 90, 30, '2 times daily', null, null, '2/13/08 00:00:00', '4/27/08 00:00:00');
INSERT INTO measurement (measurement_id, person_id, measurement_concept_id, measurement_date, measurement_type_concept_id, value_as_number, unit_concept_id) values (170009, 1514, 3016723, '2/13/08', 45754907, 45, 8795);
INSERT INTO person (person_id, gender_concept_id, year_of_birth, month_of_birth, day_of_birth, race_concept_id, ethnicity_concept_id, location_id) values (1515, 8507, 1985, 1, 1, 8527, 38003564, 321);
INSERT INTO drug_era (drug_era_id, person_id, drug_concept_id, drug_era_start_date, drug_era_end_date) values (70044, 1515, 1343916, '2/13/08', '4/27/08');
INSERT INTO drug_era (drug_era_id, person_id, drug_concept_id, drug_era_start_date, drug_era_end_date) values (70045, 1515, 19063575, '2/13/08', '4/27/08');
INSERT INTO visit_occurrence (visit_occurrence_id, person_id, visit_concept_id, visit_start_date, visit_end_date, visit_type_concept_id, provider_id, care_site_id) values (150020, 1515, 9201, '2/13/08', '4/27/08', 44818517, 23492, 11905);
INSERT INTO drug_exposure (drug_exposure_id, person_id, drug_concept_id, drug_exposure_start_date, drug_exposure_end_date, drug_type_concept_id, quantity, days_supply, sig, indication_concept_id, route_concept_id, drug_exposure_start_datetime, drug_exposure_end_datetime) values (160044, 1515, 19076899, '2/13/08', '4/27/08', 38000175, 1, 1, '4 times daily', null, null, '2/13/08 00:00:00', '4/27/08 00:00:00');
INSERT INTO drug_exposure (drug_exposure_id, person_id, drug_concept_id, drug_exposure_start_date, drug_exposure_end_date, drug_type_concept_id, quantity, days_supply, sig, indication_concept_id, route_concept_id, drug_exposure_start_datetime, drug_exposure_end_datetime) values (160045, 1515, 40182878, '2/13/08', '4/27/08', 38000175, 60, 30, 'Daily', null, null, '2/13/08 00:00:00', '4/27/08 00:00:00');
INSERT INTO person (person_id, gender_concept_id, year_of_birth, month_of_birth, day_of_birth, race_concept_id, ethnicity_concept_id, location_id) values (1516, 8507, 1951, 1, 1, 8527, 38003564, 321);
INSERT INTO drug_era (drug_era_id, person_id, drug_concept_id, drug_era_start_date, drug_era_end_date) values (70046, 1516, 1343916, '2/13/08', '4/27/08');
INSERT INTO drug_era (drug_era_id, person_id, drug_concept_id, drug_era_start_date, drug_era_end_date) values (70047, 1516, 1307046, '2/13/08', '4/27/08');
INSERT INTO visit_occurrence (visit_occurrence_id, person_id, visit_concept_id, visit_start_date, visit_end_date, visit_type_concept_id, provider_id, care_site_id) values (150021, 1516, 9201, '2/13/08', '4/27/08', 44818517, 23492, 11905);
INSERT INTO drug_exposure (drug_exposure_id, person_id, drug_concept_id, drug_exposure_start_date, drug_exposure_end_date, drug_type_concept_id, quantity, days_supply, sig, indication_concept_id, route_concept_id, drug_exposure_start_datetime, drug_exposure_end_datetime) values (160046, 1516, 19076899, '2/13/08', '4/27/08', 38000175, 1, 1, '4 times daily', null, null, '2/13/08 00:00:00', '4/27/08 00:00:00');
INSERT INTO drug_exposure (drug_exposure_id, person_id, drug_concept_id, drug_exposure_start_date, drug_exposure_end_date, drug_type_concept_id, quantity, days_supply, sig, indication_concept_id, route_concept_id, drug_exposure_start_datetime, drug_exposure_end_datetime) values (160047, 1516, 46221724, '2/13/08', '4/27/08', 38000175, 60, 30, '2 times daily', null, null, '2/13/08 00:00:00', '4/27/08 00:00:00');
INSERT INTO person (person_id, gender_concept_id, year_of_birth, month_of_birth, day_of_birth, race_concept_id, ethnicity_concept_id, location_id) values (1517, 8507, 1970, 1, 1, 8527, 38003564, 321);
INSERT INTO drug_era (drug_era_id, person_id, drug_concept_id, drug_era_start_date, drug_era_end_date) values (70048, 1517, 1343916, '2/13/08', '4/27/08');
INSERT INTO drug_era (drug_era_id, person_id, drug_concept_id, drug_era_start_date, drug_era_end_date) values (70049, 1517, 1307046, '2/13/08', '4/27/08');
INSERT INTO drug_era (drug_era_id, person_id, drug_concept_id, drug_era_start_date, drug_era_end_date) values (70050, 1517, 755695, '2/13/08', '4/27/08');
INSERT INTO visit_occurrence (visit_occurrence_id, person_id, visit_concept_id, visit_start_date, visit_end_date, visit_type_concept_id, provider_id, care_site_id) values (150022, 1517, 9201, '2/13/08', '4/27/08', 44818517, 23492, 11905);
INSERT INTO drug_exposure (drug_exposure_id, person_id, drug_concept_id, drug_exposure_start_date, drug_exposure_end_date, drug_type_concept_id, quantity, days_supply, sig, indication_concept_id, route_concept_id, drug_exposure_start_datetime, drug_exposure_end_datetime) values (160048, 1517, 19076899, '2/14/08', '4/27/08', 38000175, 1, 1, '4 times daily', 4340851, null, '2/14/08 00:00:00', '4/27/08 00:00:00');
INSERT INTO drug_exposure (drug_exposure_id, person_id, drug_concept_id, drug_exposure_start_date, drug_exposure_end_date, drug_type_concept_id, quantity, days_supply, sig, indication_concept_id, route_concept_id, drug_exposure_start_datetime, drug_exposure_end_datetime) values (160049, 1517, 46221724, '2/13/08', '4/27/08', 38000175, 30, 30, '3 times daily', null, null, '2/13/08 00:00:00', '4/27/08 00:00:00');
INSERT INTO drug_exposure (drug_exposure_id, person_id, drug_concept_id, drug_exposure_start_date, drug_exposure_end_date, drug_type_concept_id, quantity, days_supply, sig, indication_concept_id, route_concept_id, drug_exposure_start_datetime, drug_exposure_end_datetime) values (160050, 1517, 755700, '2/13/08', '4/27/08', 38000175, 30, 30, '4 times daily', null, null, '2/13/08 00:00:00', '4/27/08 00:00:00');
INSERT INTO person (person_id, gender_concept_id, year_of_birth, month_of_birth, day_of_birth, race_concept_id, ethnicity_concept_id, location_id) values (1518, 8507, 1954, 1, 1, 8527, 38003564, 321);
INSERT INTO drug_era (drug_era_id, person_id, drug_concept_id, drug_era_start_date, drug_era_end_date) values (70051, 1518, 1343916, '2/13/08', '4/27/08');
INSERT INTO drug_era (drug_era_id, person_id, drug_concept_id, drug_era_start_date, drug_era_end_date) values (70052, 1518, 1314577, '2/13/08', '4/27/08');
INSERT INTO visit_occurrence (visit_occurrence_id, person_id, visit_concept_id, visit_start_date, visit_end_date, visit_type_concept_id, provider_id, care_site_id) values (150023, 1518, 9201, '2/13/08', '4/27/08', 44818517, 23492, 11905);
INSERT INTO drug_exposure (drug_exposure_id, person_id, drug_concept_id, drug_exposure_start_date, drug_exposure_end_date, drug_type_concept_id, quantity, days_supply, sig, indication_concept_id, route_concept_id, drug_exposure_start_datetime, drug_exposure_end_datetime) values (160051, 1518, 19076899, '2/14/08', '4/27/08', 38000175, 1, 1, '4 times daily', null, null, '2/14/08 00:00:00', '4/27/08 00:00:00');
INSERT INTO drug_exposure (drug_exposure_id, person_id, drug_concept_id, drug_exposure_start_date, drug_exposure_end_date, drug_type_concept_id, quantity, days_supply, sig, indication_concept_id, route_concept_id, drug_exposure_start_datetime, drug_exposure_end_datetime) values (160052, 1518, 1314581, '2/13/08', '4/27/08', 38000175, 60, 30, '2 times daily', null, null, '2/13/08 00:00:00', '4/27/08 00:00:00');
INSERT INTO person (person_id, gender_concept_id, year_of_birth, month_of_birth, day_of_birth, race_concept_id, ethnicity_concept_id, location_id) values (1519, 8507, 1969, 1, 1, 8527, 38003564, 321);
INSERT INTO drug_era (drug_era_id, person_id, drug_concept_id, drug_era_start_date, drug_era_end_date) values (70053, 1519, 1343916, '2/13/08', '4/27/08');
INSERT INTO drug_era (drug_era_id, person_id, drug_concept_id, drug_era_start_date, drug_era_end_date) values (70054, 1519, 1314577, '2/13/08', '4/27/08');
INSERT INTO drug_era (drug_era_id, person_id, drug_concept_id, drug_era_start_date, drug_era_end_date) values (70055, 1519, 755695, '2/13/08', '4/27/08');
INSERT INTO visit_occurrence (visit_occurrence_id, person_id, visit_concept_id, visit_start_date, visit_end_date, visit_type_concept_id, provider_id, care_site_id) values (150024, 1519, 9201, '2/13/08', '4/27/08', 44818517, 23492, 11905);
INSERT INTO drug_exposure (drug_exposure_id, person_id, drug_concept_id, drug_exposure_start_date, drug_exposure_end_date, drug_type_concept_id, quantity, days_supply, sig, indication_concept_id, route_concept_id, drug_exposure_start_datetime, drug_exposure_end_datetime) values (160053, 1519, 19076899, '2/14/08', '4/27/08', 38000175, 1, 1, '4 times daily', 4340851, null, '2/14/08 00:00:00', '4/27/08 00:00:00');
INSERT INTO drug_exposure (drug_exposure_id, person_id, drug_concept_id, drug_exposure_start_date, drug_exposure_end_date, drug_type_concept_id, quantity, days_supply, sig, indication_concept_id, route_concept_id, drug_exposure_start_datetime, drug_exposure_end_datetime) values (160054, 1519, 19101573, '2/13/08', '4/27/08', 38000175, 30, 30, '4 times daily', null, null, '2/13/08 00:00:00', '4/27/08 00:00:00');
INSERT INTO drug_exposure (drug_exposure_id, person_id, drug_concept_id, drug_exposure_start_date, drug_exposure_end_date, drug_type_concept_id, quantity, days_supply, sig, indication_concept_id, route_concept_id, drug_exposure_start_datetime, drug_exposure_end_datetime) values (160055, 1519, 755700, '2/13/08', '4/27/08', 38000175, 30, 30, '2 times daily', null, null, '2/13/08 00:00:00', '4/27/08 00:00:00');
INSERT INTO person (person_id, gender_concept_id, year_of_birth, month_of_birth, day_of_birth, race_concept_id, ethnicity_concept_id, location_id) values (1520, 8507, 1958, 1, 1, 8527, 38003564, 321);
INSERT INTO drug_era (drug_era_id, person_id, drug_concept_id, drug_era_start_date, drug_era_end_date) values (70056, 1520, 1343916, '2/13/08', '4/27/08');
INSERT INTO drug_era (drug_era_id, person_id, drug_concept_id, drug_era_start_date, drug_era_end_date) values (70057, 1520, 902427, '2/13/08', '4/27/08');
INSERT INTO drug_era (drug_era_id, person_id, drug_concept_id, drug_era_start_date, drug_era_end_date) values (70058, 1520, 755695, '2/13/08', '4/27/08');
INSERT INTO visit_occurrence (visit_occurrence_id, person_id, visit_concept_id, visit_start_date, visit_end_date, visit_type_concept_id, provider_id, care_site_id) values (150025, 1520, 9201, '2/13/08', '4/27/08', 44818517, 23492, 11905);
INSERT INTO drug_exposure (drug_exposure_id, person_id, drug_concept_id, drug_exposure_start_date, drug_exposure_end_date, drug_type_concept_id, quantity, days_supply, sig, indication_concept_id, route_concept_id, drug_exposure_start_datetime, drug_exposure_end_datetime) values (160056, 1520, 19076899, '2/14/08', '4/27/08', 38000175, 1, 1, '4 times daily', 4340851, null, '2/14/08 00:00:00', '4/27/08 00:00:00');
INSERT INTO drug_exposure (drug_exposure_id, person_id, drug_concept_id, drug_exposure_start_date, drug_exposure_end_date, drug_type_concept_id, quantity, days_supply, sig, indication_concept_id, route_concept_id, drug_exposure_start_datetime, drug_exposure_end_datetime) values (160057, 1520, 902429, '2/13/08', '4/27/08', 38000175, 60, 30, 'Daily', null, 4184451, '2/13/08 00:00:00', '4/27/08 00:00:00');
INSERT INTO drug_exposure (drug_exposure_id, person_id, drug_concept_id, drug_exposure_start_date, drug_exposure_end_date, drug_type_concept_id, quantity, days_supply, sig, indication_concept_id, route_concept_id, drug_exposure_start_datetime, drug_exposure_end_datetime) values (160058, 1520, 755700, '2/13/08', '4/27/08', 38000175, 30, 30, '3 times daily', null, null, '2/13/08 00:00:00', '4/27/08 00:00:00');
INSERT INTO person (person_id, gender_concept_id, year_of_birth, month_of_birth, day_of_birth, race_concept_id, ethnicity_concept_id, location_id) values (1521, 8507, 1972, 1, 1, 8527, 38003564, 321);
INSERT INTO drug_era (drug_era_id, person_id, drug_concept_id, drug_era_start_date, drug_era_end_date) values (70059, 1521, 1343916, '2/13/08', '4/27/08');
INSERT INTO drug_era (drug_era_id, person_id, drug_concept_id, drug_era_start_date, drug_era_end_date) values (70060, 1521, 902427, '2/13/08', '4/27/08');
INSERT INTO visit_occurrence (visit_occurrence_id, person_id, visit_concept_id, visit_start_date, visit_end_date, visit_type_concept_id, provider_id, care_site_id) values (150026, 1521, 9201, '2/13/08', '4/27/08', 44818517, 23492, 11905);
INSERT INTO drug_exposure (drug_exposure_id, person_id, drug_concept_id, drug_exposure_start_date, drug_exposure_end_date, drug_type_concept_id, quantity, days_supply, sig, indication_concept_id, route_concept_id, drug_exposure_start_datetime, drug_exposure_end_datetime) values (160059, 1521, 19076899, '2/13/08', '4/27/08', 38000175, 1, 1, '4 times daily', 4340851, null, '2/13/08 00:00:00', '4/27/08 00:00:00');
INSERT INTO drug_exposure (drug_exposure_id, person_id, drug_concept_id, drug_exposure_start_date, drug_exposure_end_date, drug_type_concept_id, quantity, days_supply, sig, indication_concept_id, route_concept_id, drug_exposure_start_datetime, drug_exposure_end_datetime) values (160060, 1521, 902429, '2/13/08', '4/27/08', 38000175, 120, 30, 'Daily', null, 4184451, '2/13/08 00:00:00', '4/27/08 00:00:00');
INSERT INTO person (person_id, gender_concept_id, year_of_birth, month_of_birth, day_of_birth, race_concept_id, ethnicity_concept_id, location_id) values (1522, 8507, 1958, 1, 1, 8527, 38003564, 321);
INSERT INTO drug_era (drug_era_id, person_id, drug_concept_id, drug_era_start_date, drug_era_end_date) values (70061, 1522, 19010482, '2/13/08', '4/27/08');
INSERT INTO drug_era (drug_era_id, person_id, drug_concept_id, drug_era_start_date, drug_era_end_date) values (70062, 1522, 985708, '2/13/08', '4/27/08');
INSERT INTO visit_occurrence (visit_occurrence_id, person_id, visit_concept_id, visit_start_date, visit_end_date, visit_type_concept_id, provider_id, care_site_id) values (150027, 1522, 9201, '2/13/08', '4/27/08', 44818517, 23492, 11905);
INSERT INTO drug_exposure (drug_exposure_id, person_id, drug_concept_id, drug_exposure_start_date, drug_exposure_end_date, drug_type_concept_id, quantity, days_supply, sig, indication_concept_id, route_concept_id, drug_exposure_start_datetime, drug_exposure_end_datetime) values (160061, 1522, 19082899, '2/13/08', '4/27/08', 38000175, 30, 30, '4 times daily', null, null, '2/13/08 00:00:00', '4/27/08 00:00:00');
INSERT INTO drug_exposure (drug_exposure_id, person_id, drug_concept_id, drug_exposure_start_date, drug_exposure_end_date, drug_type_concept_id, quantity, days_supply, sig, indication_concept_id, route_concept_id, drug_exposure_start_datetime, drug_exposure_end_datetime) values (160062, 1522, 985711, '2/13/08', '4/27/08', 38000175, 10, 10, '3 times daily', null, null, '2/13/08 00:00:00', '4/27/08 00:00:00');
INSERT INTO person (person_id, gender_concept_id, year_of_birth, month_of_birth, day_of_birth, race_concept_id, ethnicity_concept_id, location_id) values (1523, 8507, 1951, 1, 1, 8527, 38003564, 321);
INSERT INTO drug_era (drug_era_id, person_id, drug_concept_id, drug_era_start_date, drug_era_end_date) values (70063, 1523, 19010482, '2/13/08', '4/27/08');
INSERT INTO drug_era (drug_era_id, person_id, drug_concept_id, drug_era_start_date, drug_era_end_date) values (70064, 1523, 1754994, '2/13/08', '4/27/08');
INSERT INTO visit_occurrence (visit_occurrence_id, person_id, visit_concept_id, visit_start_date, visit_end_date, visit_type_concept_id, provider_id, care_site_id) values (150028, 1523, 9201, '2/13/08', '4/27/08', 44818517, 23492, 11905);
INSERT INTO drug_exposure (drug_exposure_id, person_id, drug_concept_id, drug_exposure_start_date, drug_exposure_end_date, drug_type_concept_id, quantity, days_supply, sig, indication_concept_id, route_concept_id, drug_exposure_start_datetime, drug_exposure_end_datetime) values (160063, 1523, 19082899, '2/13/08', '4/27/08', 38000175, 30, 30, '2 times daily', null, null, '2/13/08 00:00:00', '4/27/08 00:00:00');
INSERT INTO drug_exposure (drug_exposure_id, person_id, drug_concept_id, drug_exposure_start_date, drug_exposure_end_date, drug_type_concept_id, quantity, days_supply, sig, indication_concept_id, route_concept_id, drug_exposure_start_datetime, drug_exposure_end_datetime) values (160064, 1523, 1754995, '2/13/08', '4/27/08', 38000175, 20, 10, '3 times daily', null, null, '2/13/08 00:00:00', '4/27/08 00:00:00');
INSERT INTO person (person_id, gender_concept_id, year_of_birth, month_of_birth, day_of_birth, race_concept_id, ethnicity_concept_id, location_id) values (1524, 8507, 1973, 1, 1, 8527, 38003564, 321);
INSERT INTO drug_era (drug_era_id, person_id, drug_concept_id, drug_era_start_date, drug_era_end_date) values (70065, 1524, 19010482, '2/13/08', '4/27/08');
INSERT INTO drug_era (drug_era_id, person_id, drug_concept_id, drug_era_start_date, drug_era_end_date) values (70066, 1524, 1754994, '2/13/08', '4/27/08');
INSERT INTO visit_occurrence (visit_occurrence_id, person_id, visit_concept_id, visit_start_date, visit_end_date, visit_type_concept_id, provider_id, care_site_id) values (150029, 1524, 9201, '2/13/08', '4/27/08', 44818517, 23492, 11905);
INSERT INTO drug_exposure (drug_exposure_id, person_id, drug_concept_id, drug_exposure_start_date, drug_exposure_end_date, drug_type_concept_id, quantity, days_supply, sig, indication_concept_id, route_concept_id, drug_exposure_start_datetime, drug_exposure_end_datetime) values (160065, 1524, 19082899, '2/13/08', '4/27/08', 38000175, 30, 30, '2 times daily', null, null, '2/13/08 00:00:00', '4/27/08 00:00:00');
INSERT INTO drug_exposure (drug_exposure_id, person_id, drug_concept_id, drug_exposure_start_date, drug_exposure_end_date, drug_type_concept_id, quantity, days_supply, sig, indication_concept_id, route_concept_id, drug_exposure_start_datetime, drug_exposure_end_datetime) values (160066, 1524, 19124598, '2/13/08', '4/27/08', 38000175, 20, 10, '3 times daily', null, null, '2/13/08 00:00:00', '4/27/08 00:00:00');
INSERT INTO person (person_id, gender_concept_id, year_of_birth, month_of_birth, day_of_birth, race_concept_id, ethnicity_concept_id, location_id) values (1525, 8507, 1940, 1, 1, 8527, 38003564, 321);
INSERT INTO drug_era (drug_era_id, person_id, drug_concept_id, drug_era_start_date, drug_era_end_date) values (70067, 1525, 1310149, '2/13/08', '4/27/08');
INSERT INTO drug_era (drug_era_id, person_id, drug_concept_id, drug_era_start_date, drug_era_end_date) values (70068, 1525, 715939, '2/13/08', '4/27/08');
INSERT INTO visit_occurrence (visit_occurrence_id, person_id, visit_concept_id, visit_start_date, visit_end_date, visit_type_concept_id, provider_id, care_site_id) values (150030, 1525, 9201, '2/13/08', '4/27/08', 44818517, 23492, 11905);
INSERT INTO drug_exposure (drug_exposure_id, person_id, drug_concept_id, drug_exposure_start_date, drug_exposure_end_date, drug_type_concept_id, quantity, days_supply, sig, indication_concept_id, route_concept_id, drug_exposure_start_datetime, drug_exposure_end_datetime) values (160067, 1525, 40163518, '2/13/08', '4/27/08', 38000175, 30, 30, '3 times daily', null, null, '2/13/08 00:00:00', '4/27/08 00:00:00');
INSERT INTO drug_exposure (drug_exposure_id, person_id, drug_concept_id, drug_exposure_start_date, drug_exposure_end_date, drug_type_concept_id, quantity, days_supply, sig, indication_concept_id, route_concept_id, drug_exposure_start_datetime, drug_exposure_end_datetime) values (160068, 1525, 19098166, '2/13/08', '4/27/08', 38000175, 30, 30, '3 times daily', null, null, '2/13/08 00:00:00', '4/27/08 00:00:00');
INSERT INTO person (person_id, gender_concept_id, year_of_birth, month_of_birth, day_of_birth, race_concept_id, ethnicity_concept_id, location_id) values (1526, 8507, 1975, 1, 1, 8527, 38003564, 321);
INSERT INTO drug_era (drug_era_id, person_id, drug_concept_id, drug_era_start_date, drug_era_end_date) values (70069, 1526, 1310149, '2/13/08', '4/27/08');
INSERT INTO drug_era (drug_era_id, person_id, drug_concept_id, drug_era_start_date, drug_era_end_date) values (70070, 1526, 715939, '2/13/08', '4/27/08');
INSERT INTO drug_era (drug_era_id, person_id, drug_concept_id, drug_era_start_date, drug_era_end_date) values (70071, 1526, 1551099, '2/13/08', '4/27/08');
INSERT INTO visit_occurrence (visit_occurrence_id, person_id, visit_concept_id, visit_start_date, visit_end_date, visit_type_concept_id, provider_id, care_site_id) values (150031, 1526, 9201, '2/13/08', '4/27/08', 44818517, 23492, 11905);
INSERT INTO drug_exposure (drug_exposure_id, person_id, drug_concept_id, drug_exposure_start_date, drug_exposure_end_date, drug_type_concept_id, quantity, days_supply, sig, indication_concept_id, route_concept_id, drug_exposure_start_datetime, drug_exposure_end_datetime) values (160069, 1526, 40163518, '2/13/08', '4/27/08', 38000175, 30, 30, '4 times daily', null, null, '2/13/08 00:00:00', '4/27/08 00:00:00');
INSERT INTO drug_exposure (drug_exposure_id, person_id, drug_concept_id, drug_exposure_start_date, drug_exposure_end_date, drug_type_concept_id, quantity, days_supply, sig, indication_concept_id, route_concept_id, drug_exposure_start_datetime, drug_exposure_end_datetime) values (160070, 1526, 19098166, '2/13/08', '4/27/08', 38000175, 30, 30, '2 times daily', null, null, '2/13/08 00:00:00', '4/27/08 00:00:00');
INSERT INTO drug_exposure (drug_exposure_id, person_id, drug_concept_id, drug_exposure_start_date, drug_exposure_end_date, drug_type_concept_id, quantity, days_supply, sig, indication_concept_id, route_concept_id, drug_exposure_start_datetime, drug_exposure_end_datetime) values (160071, 1526, 1551192, '2/13/08', '4/27/08', 38000175, 30, 30, '2 times daily', null, null, '2/13/08 00:00:00', '4/27/08 00:00:00');
INSERT INTO person (person_id, gender_concept_id, year_of_birth, month_of_birth, day_of_birth, race_concept_id, ethnicity_concept_id, location_id) values (1527, 8507, 1992, 1, 1, 8527, 38003564, 321);
INSERT INTO drug_era (drug_era_id, person_id, drug_concept_id, drug_era_start_date, drug_era_end_date) values (70072, 1527, 1310149, '2/13/08', '4/27/08');
INSERT INTO drug_era (drug_era_id, person_id, drug_concept_id, drug_era_start_date, drug_era_end_date) values (70073, 1527, 715939, '2/13/08', '4/27/08');
INSERT INTO drug_era (drug_era_id, person_id, drug_concept_id, drug_era_start_date, drug_era_end_date) values (70074, 1527, 970250, '2/13/08', '4/27/08');
INSERT INTO drug_era (drug_era_id, person_id, drug_concept_id, drug_era_start_date, drug_era_end_date) values (70075, 1527, 19039926, '2/13/08', '4/27/08');
INSERT INTO visit_occurrence (visit_occurrence_id, person_id, visit_concept_id, visit_start_date, visit_end_date, visit_type_concept_id, provider_id, care_site_id) values (150032, 1527, 9201, '2/13/08', '4/27/08', 44818517, 23492, 11905);
INSERT INTO drug_exposure (drug_exposure_id, person_id, drug_concept_id, drug_exposure_start_date, drug_exposure_end_date, drug_type_concept_id, quantity, days_supply, sig, indication_concept_id, route_concept_id, drug_exposure_start_datetime, drug_exposure_end_datetime) values (160072, 1527, 40163518, '2/13/08', '4/27/08', 38000175, 30, 30, '4 times daily', null, null, '2/13/08 00:00:00', '4/27/08 00:00:00');
INSERT INTO drug_exposure (drug_exposure_id, person_id, drug_concept_id, drug_exposure_start_date, drug_exposure_end_date, drug_type_concept_id, quantity, days_supply, sig, indication_concept_id, route_concept_id, drug_exposure_start_datetime, drug_exposure_end_datetime) values (160073, 1527, 19098166, '2/13/08', '4/27/08', 38000175, 30, 30, '2 times daily', null, null, '2/13/08 00:00:00', '4/27/08 00:00:00');
INSERT INTO drug_exposure (drug_exposure_id, person_id, drug_concept_id, drug_exposure_start_date, drug_exposure_end_date, drug_type_concept_id, quantity, days_supply, sig, indication_concept_id, route_concept_id, drug_exposure_start_datetime, drug_exposure_end_datetime) values (160074, 1527, 970282, '2/13/08', '4/27/08', 38000175, 30, 30, '4 times daily', null, null, '2/13/08 00:00:00', '4/27/08 00:00:00');
INSERT INTO drug_exposure (drug_exposure_id, person_id, drug_concept_id, drug_exposure_start_date, drug_exposure_end_date, drug_type_concept_id, quantity, days_supply, sig, indication_concept_id, route_concept_id, drug_exposure_start_datetime, drug_exposure_end_datetime) values (160075, 1527, 19133802, '2/13/08', '4/27/08', 38000175, 30, 30, '2 times daily', null, null, '2/13/08 00:00:00', '4/27/08 00:00:00');
INSERT INTO person (person_id, gender_concept_id, year_of_birth, month_of_birth, day_of_birth, race_concept_id, ethnicity_concept_id, location_id) values (1528, 8507, 1990, 1, 1, 8527, 38003564, 321);
INSERT INTO drug_era (drug_era_id, person_id, drug_concept_id, drug_era_start_date, drug_era_end_date) values (70076, 1528, 1310149, '2/13/08', '4/27/08');
INSERT INTO drug_era (drug_era_id, person_id, drug_concept_id, drug_era_start_date, drug_era_end_date) values (70077, 1528, 715939, '2/13/08', '4/27/08');
INSERT INTO condition_era (condition_era_id, person_id, condition_concept_id, condition_era_start_date, condition_era_end_date) values (140001, 1528, 4046500, '2/13/08', '4/27/08');
INSERT INTO visit_occurrence (visit_occurrence_id, person_id, visit_concept_id, visit_start_date, visit_end_date, visit_type_concept_id, provider_id, care_site_id) values (150033, 1528, 9201, '2/13/08', '4/27/08', 44818517, 23492, 11905);
INSERT INTO drug_exposure (drug_exposure_id, person_id, drug_concept_id, drug_exposure_start_date, drug_exposure_end_date, drug_type_concept_id, quantity, days_supply, sig, indication_concept_id, route_concept_id, drug_exposure_start_datetime, drug_exposure_end_datetime) values (160076, 1528, 40163518, '2/13/08', '4/27/08', 38000175, 30, 30, '4 times daily', null, null, '2/13/08 00:00:00', '4/27/08 00:00:00');
INSERT INTO drug_exposure (drug_exposure_id, person_id, drug_concept_id, drug_exposure_start_date, drug_exposure_end_date, drug_type_concept_id, quantity, days_supply, sig, indication_concept_id, route_concept_id, drug_exposure_start_datetime, drug_exposure_end_datetime) values (160077, 1528, 19098166, '2/13/08', '4/27/08', 38000175, 30, 30, '4 times daily', null, null, '2/13/08 00:00:00', '4/27/08 00:00:00');
INSERT INTO person (person_id, gender_concept_id, year_of_birth, month_of_birth, day_of_birth, race_concept_id, ethnicity_concept_id, location_id) values (1529, 8507, 1980, 1, 1, 8527, 38003564, 321);
INSERT INTO drug_era (drug_era_id, person_id, drug_concept_id, drug_era_start_date, drug_era_end_date) values (70078, 1529, 1310149, '2/13/08', '4/27/08');
INSERT INTO drug_era (drug_era_id, person_id, drug_concept_id, drug_era_start_date, drug_era_end_date) values (70079, 1529, 715939, '2/13/08', '4/27/08');
INSERT INTO visit_occurrence (visit_occurrence_id, person_id, visit_concept_id, visit_start_date, visit_end_date, visit_type_concept_id, provider_id, care_site_id) values (150034, 1529, 9201, '2/13/08', '4/27/08', 44818517, 23492, 11905);
INSERT INTO drug_exposure (drug_exposure_id, person_id, drug_concept_id, drug_exposure_start_date, drug_exposure_end_date, drug_type_concept_id, quantity, days_supply, sig, indication_concept_id, route_concept_id, drug_exposure_start_datetime, drug_exposure_end_datetime) values (160078, 1529, 40163518, '2/13/08', '4/27/08', 38000175, 30, 30, '2 times daily', null, null, '2/13/08 00:00:00', '4/27/08 00:00:00');
INSERT INTO drug_exposure (drug_exposure_id, person_id, drug_concept_id, drug_exposure_start_date, drug_exposure_end_date, drug_type_concept_id, quantity, days_supply, sig, indication_concept_id, route_concept_id, drug_exposure_start_datetime, drug_exposure_end_datetime) values (160079, 1529, 19098166, '2/13/08', '4/27/08', 38000175, 30, 30, '2 times daily', null, null, '2/13/08 00:00:00', '4/27/08 00:00:00');
INSERT INTO person (person_id, gender_concept_id, year_of_birth, month_of_birth, day_of_birth, race_concept_id, ethnicity_concept_id, location_id) values (1530, 8507, 1955, 1, 1, 8527, 38003564, 321);
INSERT INTO drug_era (drug_era_id, person_id, drug_concept_id, drug_era_start_date, drug_era_end_date) values (70080, 1530, 1754994, '2/13/08', '4/27/08');
INSERT INTO drug_era (drug_era_id, person_id, drug_concept_id, drug_era_start_date, drug_era_end_date) values (70081, 1530, 1124957, '2/13/08', '4/27/08');
INSERT INTO visit_occurrence (visit_occurrence_id, person_id, visit_concept_id, visit_start_date, visit_end_date, visit_type_concept_id, provider_id, care_site_id) values (150035, 1530, 9201, '2/13/08', '4/27/08', 44818517, 23492, 11905);
INSERT INTO drug_exposure (drug_exposure_id, person_id, drug_concept_id, drug_exposure_start_date, drug_exposure_end_date, drug_type_concept_id, quantity, days_supply, sig, indication_concept_id, route_concept_id, drug_exposure_start_datetime, drug_exposure_end_datetime) values (160080, 1530, 19019004, '2/13/08', '4/27/08', 38000175, 60, 30, 'Daily', null, null, '2/13/08 00:00:00', '4/27/08 00:00:00');
INSERT INTO drug_exposure (drug_exposure_id, person_id, drug_concept_id, drug_exposure_start_date, drug_exposure_end_date, drug_type_concept_id, quantity, days_supply, sig, indication_concept_id, route_concept_id, drug_exposure_start_datetime, drug_exposure_end_datetime) values (160081, 1530, 40232717, '2/13/08', '4/27/08', 38000175, 120, 30, 'Daily', null, null, '2/13/08 00:00:00', '4/27/08 00:00:00');
INSERT INTO person (person_id, gender_concept_id, year_of_birth, month_of_birth, day_of_birth, race_concept_id, ethnicity_concept_id, location_id) values (1531, 8507, 1954, 1, 1, 8527, 38003564, 321);
INSERT INTO drug_era (drug_era_id, person_id, drug_concept_id, drug_era_start_date, drug_era_end_date) values (70082, 1531, 906780, '2/13/08', '4/27/08');
INSERT INTO drug_era (drug_era_id, person_id, drug_concept_id, drug_era_start_date, drug_era_end_date) values (70083, 1531, 757688, '2/13/08', '4/27/08');
INSERT INTO visit_occurrence (visit_occurrence_id, person_id, visit_concept_id, visit_start_date, visit_end_date, visit_type_concept_id, provider_id, care_site_id) values (150036, 1531, 9201, '2/13/08', '4/27/08', 44818517, 23492, 11905);
INSERT INTO drug_exposure (drug_exposure_id, person_id, drug_concept_id, drug_exposure_start_date, drug_exposure_end_date, drug_type_concept_id, quantity, days_supply, sig, indication_concept_id, route_concept_id, drug_exposure_start_datetime, drug_exposure_end_datetime) values (160082, 1531, 906891, '2/13/08', '4/27/08', 38000175, 30, 30, '4 times daily', null, null, '2/13/08 00:00:00', '4/27/08 00:00:00');
INSERT INTO drug_exposure (drug_exposure_id, person_id, drug_concept_id, drug_exposure_start_date, drug_exposure_end_date, drug_type_concept_id, quantity, days_supply, sig, indication_concept_id, route_concept_id, drug_exposure_start_datetime, drug_exposure_end_datetime) values (160083, 1531, 757712, '2/13/08', '4/27/08', 38000175, 30, 30, '2 times daily', null, null, '2/13/08 00:00:00', '4/27/08 00:00:00');
INSERT INTO person (person_id, gender_concept_id, year_of_birth, month_of_birth, day_of_birth, race_concept_id, ethnicity_concept_id, location_id) values (1532, 8507, 1967, 1, 1, 8527, 38003564, 321);
INSERT INTO drug_era (drug_era_id, person_id, drug_concept_id, drug_era_start_date, drug_era_end_date) values (70084, 1532, 906780, '2/13/08', '4/27/08');
INSERT INTO drug_era (drug_era_id, person_id, drug_concept_id, drug_era_start_date, drug_era_end_date) values (70085, 1532, 766814, '2/13/08', '4/27/08');
INSERT INTO drug_era (drug_era_id, person_id, drug_concept_id, drug_era_start_date, drug_era_end_date) values (70086, 1532, 715997, '2/13/08', '4/27/08');
INSERT INTO visit_occurrence (visit_occurrence_id, person_id, visit_concept_id, visit_start_date, visit_end_date, visit_type_concept_id, provider_id, care_site_id) values (150037, 1532, 9201, '2/13/08', '4/27/08', 44818517, 23492, 11905);
INSERT INTO drug_exposure (drug_exposure_id, person_id, drug_concept_id, drug_exposure_start_date, drug_exposure_end_date, drug_type_concept_id, quantity, days_supply, sig, indication_concept_id, route_concept_id, drug_exposure_start_datetime, drug_exposure_end_datetime) values (160084, 1532, 906891, '2/13/08', '4/27/08', 38000175, 30, 30, '4 times daily', null, null, '2/13/08 00:00:00', '4/27/08 00:00:00');
INSERT INTO drug_exposure (drug_exposure_id, person_id, drug_concept_id, drug_exposure_start_date, drug_exposure_end_date, drug_type_concept_id, quantity, days_supply, sig, indication_concept_id, route_concept_id, drug_exposure_start_datetime, drug_exposure_end_datetime) values (160085, 1532, 766842, '2/13/08', '4/27/08', 38000175, 30, 30, '4 times daily', null, null, '2/13/08 00:00:00', '4/27/08 00:00:00');
INSERT INTO drug_exposure (drug_exposure_id, person_id, drug_concept_id, drug_exposure_start_date, drug_exposure_end_date, drug_type_concept_id, quantity, days_supply, sig, indication_concept_id, route_concept_id, drug_exposure_start_datetime, drug_exposure_end_datetime) values (160086, 1532, 40223768, '2/13/08', '4/27/08', 38000175, 30, 30, '2 times daily', null, null, '2/13/08 00:00:00', '4/27/08 00:00:00');
INSERT INTO person (person_id, gender_concept_id, year_of_birth, month_of_birth, day_of_birth, race_concept_id, ethnicity_concept_id, location_id) values (1533, 8507, 1945, 1, 1, 8527, 38003564, 321);
INSERT INTO drug_era (drug_era_id, person_id, drug_concept_id, drug_era_start_date, drug_era_end_date) values (70087, 1533, 1343916, '2/13/08', '4/27/08');
INSERT INTO drug_era (drug_era_id, person_id, drug_concept_id, drug_era_start_date, drug_era_end_date) values (70088, 1533, 902427, '2/13/08', '4/27/08');
INSERT INTO condition_era (condition_era_id, person_id, condition_concept_id, condition_era_start_date, condition_era_end_date) values (140002, 1533, 4309669, '2/13/08', '4/27/08');
INSERT INTO visit_occurrence (visit_occurrence_id, person_id, visit_concept_id, visit_start_date, visit_end_date, visit_type_concept_id, provider_id, care_site_id) values (150038, 1533, 9201, '2/13/08', '4/27/08', 44818517, 23492, 11905);
INSERT INTO drug_exposure (drug_exposure_id, person_id, drug_concept_id, drug_exposure_start_date, drug_exposure_end_date, drug_type_concept_id, quantity, days_supply, sig, indication_concept_id, route_concept_id, drug_exposure_start_datetime, drug_exposure_end_datetime) values (160087, 1533, 19076899, '2/14/08', '4/27/08', 38000175, 1, 1, '4 times daily', 4340851, null, '2/14/08 00:00:00', '4/27/08 00:00:00');
INSERT INTO drug_exposure (drug_exposure_id, person_id, drug_concept_id, drug_exposure_start_date, drug_exposure_end_date, drug_type_concept_id, quantity, days_supply, sig, indication_concept_id, route_concept_id, drug_exposure_start_datetime, drug_exposure_end_datetime) values (160088, 1533, 902429, '2/13/08', '4/27/08', 38000175, 120, 30, 'Daily', null, 4184451, '2/13/08 00:00:00', '4/27/08 00:00:00');
INSERT INTO person (person_id, gender_concept_id, year_of_birth, month_of_birth, day_of_birth, race_concept_id, ethnicity_concept_id, location_id) values (1534, 8507, 1945, 1, 1, 8527, 38003564, 321);
INSERT INTO drug_era (drug_era_id, person_id, drug_concept_id, drug_era_start_date, drug_era_end_date) values (70089, 1534, 1343916, '2/13/08', '4/27/08');
INSERT INTO drug_era (drug_era_id, person_id, drug_concept_id, drug_era_start_date, drug_era_end_date) values (70090, 1534, 1307046, '2/13/08', '4/27/08');
INSERT INTO condition_era (condition_era_id, person_id, condition_concept_id, condition_era_start_date, condition_era_end_date) values (140003, 1534, 4309669, '2/13/08', '4/27/08');
INSERT INTO visit_occurrence (visit_occurrence_id, person_id, visit_concept_id, visit_start_date, visit_end_date, visit_type_concept_id, provider_id, care_site_id) values (150039, 1534, 9201, '2/13/08', '4/27/08', 44818517, 23492, 11905);
INSERT INTO drug_exposure (drug_exposure_id, person_id, drug_concept_id, drug_exposure_start_date, drug_exposure_end_date, drug_type_concept_id, quantity, days_supply, sig, indication_concept_id, route_concept_id, drug_exposure_start_datetime, drug_exposure_end_datetime) values (160089, 1534, 19127146, '2/14/08', '4/27/08', 38000175, 3, 1, '3 times daily', null, null, '2/14/08 00:00:00', '4/27/08 00:00:00');
INSERT INTO drug_exposure (drug_exposure_id, person_id, drug_concept_id, drug_exposure_start_date, drug_exposure_end_date, drug_type_concept_id, quantity, days_supply, sig, indication_concept_id, route_concept_id, drug_exposure_start_datetime, drug_exposure_end_datetime) values (160090, 1534, 46221724, '2/13/08', '4/27/08', 38000175, 60, 30, '2 times daily', null, null, '2/13/08 00:00:00', '4/27/08 00:00:00');
INSERT INTO person (person_id, gender_concept_id, year_of_birth, month_of_birth, day_of_birth, race_concept_id, ethnicity_concept_id, location_id) values (1535, 8507, 1945, 1, 1, 8527, 38003564, 321);
INSERT INTO drug_era (drug_era_id, person_id, drug_concept_id, drug_era_start_date, drug_era_end_date) values (70091, 1535, 1343916, '2/13/08', '4/27/08');
INSERT INTO drug_era (drug_era_id, person_id, drug_concept_id, drug_era_start_date, drug_era_end_date) values (70092, 1535, 1314577, '2/13/08', '4/27/08');
INSERT INTO condition_era (condition_era_id, person_id, condition_concept_id, condition_era_start_date, condition_era_end_date) values (140004, 1535, 4309669, '2/13/08', '4/27/08');
INSERT INTO visit_occurrence (visit_occurrence_id, person_id, visit_concept_id, visit_start_date, visit_end_date, visit_type_concept_id, provider_id, care_site_id) values (150040, 1535, 9201, '2/13/08', '4/27/08', 44818517, 23492, 11905);
INSERT INTO drug_exposure (drug_exposure_id, person_id, drug_concept_id, drug_exposure_start_date, drug_exposure_end_date, drug_type_concept_id, quantity, days_supply, sig, indication_concept_id, route_concept_id, drug_exposure_start_datetime, drug_exposure_end_datetime) values (160091, 1535, 19076899, '2/14/08', '4/27/08', 38000175, 1, 1, '4 times daily', null, null, '2/14/08 00:00:00', '4/27/08 00:00:00');
INSERT INTO drug_exposure (drug_exposure_id, person_id, drug_concept_id, drug_exposure_start_date, drug_exposure_end_date, drug_type_concept_id, quantity, days_supply, sig, indication_concept_id, route_concept_id, drug_exposure_start_datetime, drug_exposure_end_datetime) values (160092, 1535, 1314581, '2/13/08', '4/27/08', 38000175, 60, 30, 'Daily', null, null, '2/13/08 00:00:00', '4/27/08 00:00:00');
INSERT INTO person (person_id, gender_concept_id, year_of_birth, month_of_birth, day_of_birth, race_concept_id, ethnicity_concept_id, location_id) values (1536, 8507, 2008, 3, 10, 8527, 38003564, 321);
INSERT INTO drug_era (drug_era_id, person_id, drug_concept_id, drug_era_start_date, drug_era_end_date) values (70093, 1536, 1777806, '2/13/08', '4/27/08');
INSERT INTO drug_era (drug_era_id, person_id, drug_concept_id, drug_era_start_date, drug_era_end_date) values (70094, 1536, 19037038, '2/13/08', '4/27/08');
INSERT INTO visit_occurrence (visit_occurrence_id, person_id, visit_concept_id, visit_start_date, visit_end_date, visit_type_concept_id, provider_id, care_site_id) values (150041, 1536, 9201, '2/13/08', '4/27/08', 44818517, 23492, 11905);
INSERT INTO drug_exposure (drug_exposure_id, person_id, drug_concept_id, drug_exposure_start_date, drug_exposure_end_date, drug_type_concept_id, quantity, days_supply, sig, indication_concept_id, route_concept_id, drug_exposure_start_datetime, drug_exposure_end_datetime) values (160093, 1536, 46287321, '2/13/08', '4/27/08', 38000175, 1, 1, '4 times daily', null, null, '2/13/08 00:00:00', '4/27/08 00:00:00');
INSERT INTO drug_exposure (drug_exposure_id, person_id, drug_concept_id, drug_exposure_start_date, drug_exposure_end_date, drug_type_concept_id, quantity, days_supply, sig, indication_concept_id, route_concept_id, drug_exposure_start_datetime, drug_exposure_end_datetime) values (160094, 1536, 42709020, '2/13/08', '4/27/08', 38000175, 1, 1, '4 times daily', null, null, '2/13/08 00:00:00', '4/27/08 00:00:00');
INSERT INTO person (person_id, gender_concept_id, year_of_birth, month_of_birth, day_of_birth, race_concept_id, ethnicity_concept_id, location_id) values (1537, 8507, 2007, 11, 15, 8527, 38003564, 321);
INSERT INTO drug_era (drug_era_id, person_id, drug_concept_id, drug_era_start_date, drug_era_end_date) values (70095, 1537, 1777806, '2/13/08', '4/27/08');
INSERT INTO drug_era (drug_era_id, person_id, drug_concept_id, drug_era_start_date, drug_era_end_date) values (70096, 1537, 19036781, '2/13/08', '4/27/08');
INSERT INTO visit_occurrence (visit_occurrence_id, person_id, visit_concept_id, visit_start_date, visit_end_date, visit_type_concept_id, provider_id, care_site_id) values (150042, 1537, 9201, '2/13/08', '4/27/08', 44818517, 23492, 11905);
INSERT INTO drug_exposure (drug_exposure_id, person_id, drug_concept_id, drug_exposure_start_date, drug_exposure_end_date, drug_type_concept_id, quantity, days_supply, sig, indication_concept_id, route_concept_id, drug_exposure_start_datetime, drug_exposure_end_datetime) values (160095, 1537, 46287321, '2/13/08', '4/27/08', 38000175, 1, 1, '4 times daily', null, null, '2/13/08 00:00:00', '4/27/08 00:00:00');
INSERT INTO drug_exposure (drug_exposure_id, person_id, drug_concept_id, drug_exposure_start_date, drug_exposure_end_date, drug_type_concept_id, quantity, days_supply, sig, indication_concept_id, route_concept_id, drug_exposure_start_datetime, drug_exposure_end_datetime) values (160096, 1537, 42800573, '2/13/08', '4/27/08', 38000175, 1, 1, '4 times daily', null, null, '2/13/08 00:00:00', '4/27/08 00:00:00');
INSERT INTO person (person_id, gender_concept_id, year_of_birth, month_of_birth, day_of_birth, race_concept_id, ethnicity_concept_id, location_id) values (1538, 8507, 1955, 1, 1, 8527, 38003564, 321);
INSERT INTO drug_era (drug_era_id, person_id, drug_concept_id, drug_era_start_date, drug_era_end_date) values (70097, 1538, 1310149, '2/13/08', '4/27/08');
INSERT INTO drug_era (drug_era_id, person_id, drug_concept_id, drug_era_start_date, drug_era_end_date) values (70098, 1538, 1112807, '2/13/08', '4/27/08');
INSERT INTO visit_occurrence (visit_occurrence_id, person_id, visit_concept_id, visit_start_date, visit_end_date, visit_type_concept_id, provider_id, care_site_id) values (150043, 1538, 9201, '2/13/08', '4/27/08', 44818517, 23492, 11905);
INSERT INTO drug_exposure (drug_exposure_id, person_id, drug_concept_id, drug_exposure_start_date, drug_exposure_end_date, drug_type_concept_id, quantity, days_supply, sig, indication_concept_id, route_concept_id, drug_exposure_start_datetime, drug_exposure_end_datetime) values (160097, 1538, 40163518, '2/13/08', '4/27/08', 38000175, 30, 30, '2 times daily', null, null, '2/13/08 00:00:00', '4/27/08 00:00:00');
INSERT INTO drug_exposure (drug_exposure_id, person_id, drug_concept_id, drug_exposure_start_date, drug_exposure_end_date, drug_type_concept_id, quantity, days_supply, sig, indication_concept_id, route_concept_id, drug_exposure_start_datetime, drug_exposure_end_datetime) values (160098, 1538, 1112896, '2/13/08', '4/27/08', 38000175, 210, 30, 'Daily', null, null, '2/13/08 00:00:00', '4/27/08 00:00:00');
INSERT INTO person (person_id, gender_concept_id, year_of_birth, month_of_birth, day_of_birth, race_concept_id, ethnicity_concept_id, location_id) values (1539, 8507, 1953, 1, 1, 8527, 38003564, 321);
INSERT INTO drug_era (drug_era_id, person_id, drug_concept_id, drug_era_start_date, drug_era_end_date) values (70099, 1539, 1310149, '2/13/08', '4/27/08');
INSERT INTO drug_era (drug_era_id, person_id, drug_concept_id, drug_era_start_date, drug_era_end_date) values (70100, 1539, 1112807, '2/13/08', '4/27/08');
INSERT INTO visit_occurrence (visit_occurrence_id, person_id, visit_concept_id, visit_start_date, visit_end_date, visit_type_concept_id, provider_id, care_site_id) values (150044, 1539, 9201, '2/13/08', '4/27/08', 44818517, 23492, 11905);
INSERT INTO drug_exposure (drug_exposure_id, person_id, drug_concept_id, drug_exposure_start_date, drug_exposure_end_date, drug_type_concept_id, quantity, days_supply, sig, indication_concept_id, route_concept_id, drug_exposure_start_datetime, drug_exposure_end_datetime) values (160099, 1539, 40163518, '2/13/08', '4/27/08', 38000175, 30, 30, '3 times daily', null, null, '2/13/08 00:00:00', '4/27/08 00:00:00');
INSERT INTO drug_exposure (drug_exposure_id, person_id, drug_concept_id, drug_exposure_start_date, drug_exposure_end_date, drug_type_concept_id, quantity, days_supply, sig, indication_concept_id, route_concept_id, drug_exposure_start_datetime, drug_exposure_end_datetime) values (160100, 1539, 1112896, '2/13/08', '4/27/08', 38000175, 60, 30, '2 times daily', null, null, '2/13/08 00:00:00', '4/27/08 00:00:00');
INSERT INTO person (person_id, gender_concept_id, year_of_birth, month_of_birth, day_of_birth, race_concept_id, ethnicity_concept_id, location_id) values (1540, 8507, 1952, 1, 1, 8527, 38003564, 321);
INSERT INTO drug_era (drug_era_id, person_id, drug_concept_id, drug_era_start_date, drug_era_end_date) values (70101, 1540, 1310149, '2/13/08', '4/27/08');
INSERT INTO drug_era (drug_era_id, person_id, drug_concept_id, drug_era_start_date, drug_era_end_date) values (70102, 1540, 1137460, '2/13/08', '4/27/08');
INSERT INTO visit_occurrence (visit_occurrence_id, person_id, visit_concept_id, visit_start_date, visit_end_date, visit_type_concept_id, provider_id, care_site_id) values (150045, 1540, 9201, '2/13/08', '4/27/08', 44818517, 23492, 11905);
INSERT INTO drug_exposure (drug_exposure_id, person_id, drug_concept_id, drug_exposure_start_date, drug_exposure_end_date, drug_type_concept_id, quantity, days_supply, sig, indication_concept_id, route_concept_id, drug_exposure_start_datetime, drug_exposure_end_datetime) values (160101, 1540, 40163518, '2/13/08', '4/27/08', 38000175, 30, 30, '2 times daily', null, null, '2/13/08 00:00:00', '4/27/08 00:00:00');
INSERT INTO drug_exposure (drug_exposure_id, person_id, drug_concept_id, drug_exposure_start_date, drug_exposure_end_date, drug_type_concept_id, quantity, days_supply, sig, indication_concept_id, route_concept_id, drug_exposure_start_datetime, drug_exposure_end_datetime) values (160102, 1540, 19121933, '2/13/08', '4/27/08', 38000175, 60, 30, '2 times daily', null, null, '2/13/08 00:00:00', '4/27/08 00:00:00');
INSERT INTO person (person_id, gender_concept_id, year_of_birth, month_of_birth, day_of_birth, race_concept_id, ethnicity_concept_id, location_id) values (1541, 8507, 1957, 1, 1, 8527, 38003564, 321);
INSERT INTO drug_era (drug_era_id, person_id, drug_concept_id, drug_era_start_date, drug_era_end_date) values (70103, 1541, 1310149, '2/13/08', '4/27/08');
INSERT INTO drug_era (drug_era_id, person_id, drug_concept_id, drug_era_start_date, drug_era_end_date) values (70104, 1541, 1137460, '2/13/08', '4/27/08');
INSERT INTO visit_occurrence (visit_occurrence_id, person_id, visit_concept_id, visit_start_date, visit_end_date, visit_type_concept_id, provider_id, care_site_id) values (150046, 1541, 9201, '2/13/08', '4/27/08', 44818517, 23492, 11905);
INSERT INTO drug_exposure (drug_exposure_id, person_id, drug_concept_id, drug_exposure_start_date, drug_exposure_end_date, drug_type_concept_id, quantity, days_supply, sig, indication_concept_id, route_concept_id, drug_exposure_start_datetime, drug_exposure_end_datetime) values (160103, 1541, 40163518, '2/13/08', '4/27/08', 38000175, 30, 30, '4 times daily', null, null, '2/13/08 00:00:00', '4/27/08 00:00:00');
INSERT INTO drug_exposure (drug_exposure_id, person_id, drug_concept_id, drug_exposure_start_date, drug_exposure_end_date, drug_type_concept_id, quantity, days_supply, sig, indication_concept_id, route_concept_id, drug_exposure_start_datetime, drug_exposure_end_datetime) values (160104, 1541, 19121933, '2/13/08', '4/27/08', 38000175, 150, 30, 'Daily', null, null, '2/13/08 00:00:00', '4/27/08 00:00:00');
INSERT INTO person (person_id, gender_concept_id, year_of_birth, month_of_birth, day_of_birth, race_concept_id, ethnicity_concept_id, location_id) values (1542, 8507, 1958, 1, 1, 8527, 38003564, 321);
INSERT INTO drug_era (drug_era_id, person_id, drug_concept_id, drug_era_start_date, drug_era_end_date) values (70105, 1542, 1310149, '2/13/08', '4/27/08');
INSERT INTO drug_era (drug_era_id, person_id, drug_concept_id, drug_era_start_date, drug_era_end_date) values (70106, 1542, 937791, '2/13/08', '4/27/08');
INSERT INTO visit_occurrence (visit_occurrence_id, person_id, visit_concept_id, visit_start_date, visit_end_date, visit_type_concept_id, provider_id, care_site_id) values (150047, 1542, 9201, '2/13/08', '4/27/08', 44818517, 23492, 11905);
INSERT INTO drug_exposure (drug_exposure_id, person_id, drug_concept_id, drug_exposure_start_date, drug_exposure_end_date, drug_type_concept_id, quantity, days_supply, sig, indication_concept_id, route_concept_id, drug_exposure_start_datetime, drug_exposure_end_datetime) values (160105, 1542, 40163518, '2/13/08', '4/27/08', 38000175, 30, 30, '2 times daily', null, null, '2/13/08 00:00:00', '4/27/08 00:00:00');
INSERT INTO drug_exposure (drug_exposure_id, person_id, drug_concept_id, drug_exposure_start_date, drug_exposure_end_date, drug_type_concept_id, quantity, days_supply, sig, indication_concept_id, route_concept_id, drug_exposure_start_datetime, drug_exposure_end_datetime) values (160106, 1542, 19074271, '2/13/08', '4/27/08', 38000175, 900, 30, 'Daily', null, null, '2/13/08 00:00:00', '4/27/08 00:00:00');
INSERT INTO person (person_id, gender_concept_id, year_of_birth, month_of_birth, day_of_birth, race_concept_id, ethnicity_concept_id, location_id) values (1543, 8507, 1943, 1, 1, 8527, 38003564, 321);
INSERT INTO drug_era (drug_era_id, person_id, drug_concept_id, drug_era_start_date, drug_era_end_date) values (70107, 1543, 1310149, '2/13/08', '4/27/08');
INSERT INTO drug_era (drug_era_id, person_id, drug_concept_id, drug_era_start_date, drug_era_end_date) values (70108, 1543, 937791, '2/13/08', '4/27/08');
INSERT INTO visit_occurrence (visit_occurrence_id, person_id, visit_concept_id, visit_start_date, visit_end_date, visit_type_concept_id, provider_id, care_site_id) values (150048, 1543, 9201, '2/13/08', '4/27/08', 44818517, 23492, 11905);
INSERT INTO drug_exposure (drug_exposure_id, person_id, drug_concept_id, drug_exposure_start_date, drug_exposure_end_date, drug_type_concept_id, quantity, days_supply, sig, indication_concept_id, route_concept_id, drug_exposure_start_datetime, drug_exposure_end_datetime) values (160107, 1543, 40163518, '2/13/08', '4/27/08', 38000175, 30, 30, '4 times daily', null, null, '2/13/08 00:00:00', '4/27/08 00:00:00');
INSERT INTO drug_exposure (drug_exposure_id, person_id, drug_concept_id, drug_exposure_start_date, drug_exposure_end_date, drug_type_concept_id, quantity, days_supply, sig, indication_concept_id, route_concept_id, drug_exposure_start_datetime, drug_exposure_end_datetime) values (160108, 1543, 19074250, '2/13/08', '4/27/08', 38000175, 60, 30, 'Daily', null, null, '2/13/08 00:00:00', '4/27/08 00:00:00');
INSERT INTO person (person_id, gender_concept_id, year_of_birth, month_of_birth, day_of_birth, race_concept_id, ethnicity_concept_id, location_id) values (1544, 8507, 1950, 1, 1, 8527, 38003564, 321);
INSERT INTO drug_era (drug_era_id, person_id, drug_concept_id, drug_era_start_date, drug_era_end_date) values (70109, 1544, 19049105, '2/13/08', '4/27/08');
INSERT INTO drug_era (drug_era_id, person_id, drug_concept_id, drug_era_start_date, drug_era_end_date) values (70110, 1544, 970250, '2/13/08', '4/27/08');
INSERT INTO visit_occurrence (visit_occurrence_id, person_id, visit_concept_id, visit_start_date, visit_end_date, visit_type_concept_id, provider_id, care_site_id) values (150049, 1544, 9201, '2/13/08', '4/27/08', 44818517, 23492, 11905);
INSERT INTO drug_exposure (drug_exposure_id, person_id, drug_concept_id, drug_exposure_start_date, drug_exposure_end_date, drug_type_concept_id, quantity, days_supply, sig, indication_concept_id, route_concept_id, drug_exposure_start_datetime, drug_exposure_end_datetime) values (160109, 1544, 19049371, '2/13/08', '4/27/08', 38000175, 30, 30, '3 times daily', null, null, '2/13/08 00:00:00', '4/27/08 00:00:00');
INSERT INTO drug_exposure (drug_exposure_id, person_id, drug_concept_id, drug_exposure_start_date, drug_exposure_end_date, drug_type_concept_id, quantity, days_supply, sig, indication_concept_id, route_concept_id, drug_exposure_start_datetime, drug_exposure_end_datetime) values (160110, 1544, 19106647, '2/13/08', '4/27/08', 38000175, 30, 30, '2 times daily', null, null, '2/13/08 00:00:00', '4/27/08 00:00:00');
INSERT INTO measurement (measurement_id, person_id, measurement_concept_id, measurement_date, measurement_type_concept_id, value_as_number, unit_concept_id) values (170010, 1544, 3023103, '2/13/08', 45754907, 4.2, 9557);
INSERT INTO person (person_id, gender_concept_id, year_of_birth, month_of_birth, day_of_birth, race_concept_id, ethnicity_concept_id, location_id) values (1545, 8507, 1950, 1, 1, 8527, 38003564, 321);
INSERT INTO drug_era (drug_era_id, person_id, drug_concept_id, drug_era_start_date, drug_era_end_date) values (70111, 1545, 1398937, '2/13/08', '4/27/08');
INSERT INTO drug_era (drug_era_id, person_id, drug_concept_id, drug_era_start_date, drug_era_end_date) values (70112, 1545, 1322081, '2/13/08', '4/27/08');
INSERT INTO visit_occurrence (visit_occurrence_id, person_id, visit_concept_id, visit_start_date, visit_end_date, visit_type_concept_id, provider_id, care_site_id) values (150050, 1545, 9201, '2/13/08', '4/27/08', 44818517, 23492, 11905);
INSERT INTO drug_exposure (drug_exposure_id, person_id, drug_concept_id, drug_exposure_start_date, drug_exposure_end_date, drug_type_concept_id, quantity, days_supply, sig, indication_concept_id, route_concept_id, drug_exposure_start_datetime, drug_exposure_end_datetime) values (160111, 1545, 40168673, '2/13/08', '4/27/08', 38000175, 1, 1, '4 times daily', null, null, '2/13/08 00:00:00', '4/27/08 00:00:00');
INSERT INTO drug_exposure (drug_exposure_id, person_id, drug_concept_id, drug_exposure_start_date, drug_exposure_end_date, drug_type_concept_id, quantity, days_supply, sig, indication_concept_id, route_concept_id, drug_exposure_start_datetime, drug_exposure_end_datetime) values (160112, 1545, 42800549, '2/13/08', '4/27/08', 38000175, 60, 30, 'Daily', null, null, '2/13/08 00:00:00', '4/27/08 00:00:00');
INSERT INTO person (person_id, gender_concept_id, year_of_birth, month_of_birth, day_of_birth, race_concept_id, ethnicity_concept_id, location_id) values (1546, 8507, 1958, 1, 1, 8527, 38003564, 321);
INSERT INTO drug_era (drug_era_id, person_id, drug_concept_id, drug_era_start_date, drug_era_end_date) values (70113, 1546, 1398937, '2/13/08', '4/27/08');
INSERT INTO drug_era (drug_era_id, person_id, drug_concept_id, drug_era_start_date, drug_era_end_date) values (70114, 1546, 902427, '2/13/08', '4/27/08');
INSERT INTO drug_era (drug_era_id, person_id, drug_concept_id, drug_era_start_date, drug_era_end_date) values (70115, 1546, 755695, '2/13/08', '4/27/08');
INSERT INTO visit_occurrence (visit_occurrence_id, person_id, visit_concept_id, visit_start_date, visit_end_date, visit_type_concept_id, provider_id, care_site_id) values (150051, 1546, 9201, '2/13/08', '4/27/08', 44818517, 23492, 11905);
INSERT INTO drug_exposure (drug_exposure_id, person_id, drug_concept_id, drug_exposure_start_date, drug_exposure_end_date, drug_type_concept_id, quantity, days_supply, sig, indication_concept_id, route_concept_id, drug_exposure_start_datetime, drug_exposure_end_datetime) values (160113, 1546, 40168673, '2/13/08', '4/27/08', 38000175, 1, 1, '4 times daily', null, null, '2/13/08 00:00:00', '4/27/08 00:00:00');
INSERT INTO drug_exposure (drug_exposure_id, person_id, drug_concept_id, drug_exposure_start_date, drug_exposure_end_date, drug_type_concept_id, quantity, days_supply, sig, indication_concept_id, route_concept_id, drug_exposure_start_datetime, drug_exposure_end_datetime) values (160114, 1546, 902429, '2/13/08', '4/27/08', 38000175, 60, 30, 'Daily', null, 4184451, '2/13/08 00:00:00', '4/27/08 00:00:00');
INSERT INTO drug_exposure (drug_exposure_id, person_id, drug_concept_id, drug_exposure_start_date, drug_exposure_end_date, drug_type_concept_id, quantity, days_supply, sig, indication_concept_id, route_concept_id, drug_exposure_start_datetime, drug_exposure_end_datetime) values (160115, 1546, 755700, '2/13/08', '4/27/08', 38000175, 30, 30, '3 times daily', null, null, '2/13/08 00:00:00', '4/27/08 00:00:00');
INSERT INTO person (person_id, gender_concept_id, year_of_birth, month_of_birth, day_of_birth, race_concept_id, ethnicity_concept_id, location_id) values (1547, 8507, 1972, 1, 1, 8527, 38003564, 321);
INSERT INTO drug_era (drug_era_id, person_id, drug_concept_id, drug_era_start_date, drug_era_end_date) values (70116, 1547, 1398937, '2/13/08', '4/27/08');
INSERT INTO drug_era (drug_era_id, person_id, drug_concept_id, drug_era_start_date, drug_era_end_date) values (70117, 1547, 902427, '2/13/08', '4/27/08');
INSERT INTO visit_occurrence (visit_occurrence_id, person_id, visit_concept_id, visit_start_date, visit_end_date, visit_type_concept_id, provider_id, care_site_id) values (150052, 1547, 9201, '2/13/08', '4/27/08', 44818517, 23492, 11905);
INSERT INTO drug_exposure (drug_exposure_id, person_id, drug_concept_id, drug_exposure_start_date, drug_exposure_end_date, drug_type_concept_id, quantity, days_supply, sig, indication_concept_id, route_concept_id, drug_exposure_start_datetime, drug_exposure_end_datetime) values (160116, 1547, 40168673, '2/13/08', '4/27/08', 38000175, 1, 1, '4 times daily', null, null, '2/13/08 00:00:00', '4/27/08 00:00:00');
INSERT INTO drug_exposure (drug_exposure_id, person_id, drug_concept_id, drug_exposure_start_date, drug_exposure_end_date, drug_type_concept_id, quantity, days_supply, sig, indication_concept_id, route_concept_id, drug_exposure_start_datetime, drug_exposure_end_datetime) values (160117, 1547, 902429, '2/13/08', '4/27/08', 38000175, 120, 30, 'Daily', null, 4184451, '2/13/08 00:00:00', '4/27/08 00:00:00');
INSERT INTO person (person_id, gender_concept_id, year_of_birth, month_of_birth, day_of_birth, race_concept_id, ethnicity_concept_id, location_id) values (1548, 8507, 1945, 1, 1, 8527, 38003564, 321);
INSERT INTO drug_era (drug_era_id, person_id, drug_concept_id, drug_era_start_date, drug_era_end_date) values (70118, 1548, 1398937, '2/13/08', '4/27/08');
INSERT INTO drug_era (drug_era_id, person_id, drug_concept_id, drug_era_start_date, drug_era_end_date) values (70119, 1548, 902427, '2/13/08', '4/27/08');
INSERT INTO condition_era (condition_era_id, person_id, condition_concept_id, condition_era_start_date, condition_era_end_date) values (140005, 1548, 4309669, '2/13/08', '4/27/08');
INSERT INTO visit_occurrence (visit_occurrence_id, person_id, visit_concept_id, visit_start_date, visit_end_date, visit_type_concept_id, provider_id, care_site_id) values (150053, 1548, 9201, '2/13/08', '4/27/08', 44818517, 23492, 11905);
INSERT INTO drug_exposure (drug_exposure_id, person_id, drug_concept_id, drug_exposure_start_date, drug_exposure_end_date, drug_type_concept_id, quantity, days_supply, sig, indication_concept_id, route_concept_id, drug_exposure_start_datetime, drug_exposure_end_datetime) values (160118, 1548, 40168673, '2/13/08', '4/27/08', 38000175, 1, 1, '4 times daily', null, null, '2/13/08 00:00:00', '4/27/08 00:00:00');
INSERT INTO drug_exposure (drug_exposure_id, person_id, drug_concept_id, drug_exposure_start_date, drug_exposure_end_date, drug_type_concept_id, quantity, days_supply, sig, indication_concept_id, route_concept_id, drug_exposure_start_datetime, drug_exposure_end_datetime) values (160119, 1548, 902429, '2/13/08', '4/27/08', 38000175, 120, 30, 'Daily', null, 4184451, '2/13/08 00:00:00', '4/27/08 00:00:00');
INSERT INTO person (person_id, gender_concept_id, year_of_birth, month_of_birth, day_of_birth, race_concept_id, ethnicity_concept_id, location_id) values (1549, 8507, 1951, 1, 1, 8527, 38003564, 321);
INSERT INTO drug_era (drug_era_id, person_id, drug_concept_id, drug_era_start_date, drug_era_end_date) values (70120, 1549, 1398937, '2/13/08', '4/27/08');
INSERT INTO drug_era (drug_era_id, person_id, drug_concept_id, drug_era_start_date, drug_era_end_date) values (70121, 1549, 1307046, '2/13/08', '4/27/08');
INSERT INTO visit_occurrence (visit_occurrence_id, person_id, visit_concept_id, visit_start_date, visit_end_date, visit_type_concept_id, provider_id, care_site_id) values (150054, 1549, 9201, '2/13/08', '4/27/08', 44818517, 23492, 11905);
INSERT INTO drug_exposure (drug_exposure_id, person_id, drug_concept_id, drug_exposure_start_date, drug_exposure_end_date, drug_type_concept_id, quantity, days_supply, sig, indication_concept_id, route_concept_id, drug_exposure_start_datetime, drug_exposure_end_datetime) values (160120, 1549, 40168673, '2/13/08', '4/27/08', 38000175, 1, 1, '4 times daily', null, null, '2/13/08 00:00:00', '4/27/08 00:00:00');
INSERT INTO drug_exposure (drug_exposure_id, person_id, drug_concept_id, drug_exposure_start_date, drug_exposure_end_date, drug_type_concept_id, quantity, days_supply, sig, indication_concept_id, route_concept_id, drug_exposure_start_datetime, drug_exposure_end_datetime) values (160121, 1549, 46221724, '2/13/08', '4/27/08', 38000175, 60, 30, '2 times daily', null, null, '2/13/08 00:00:00', '4/27/08 00:00:00');
INSERT INTO person (person_id, gender_concept_id, year_of_birth, month_of_birth, day_of_birth, race_concept_id, ethnicity_concept_id, location_id) values (1550, 8507, 1970, 1, 1, 8527, 38003564, 321);
INSERT INTO drug_era (drug_era_id, person_id, drug_concept_id, drug_era_start_date, drug_era_end_date) values (70122, 1550, 1398937, '2/13/08', '4/27/08');
INSERT INTO drug_era (drug_era_id, person_id, drug_concept_id, drug_era_start_date, drug_era_end_date) values (70123, 1550, 1307046, '2/13/08', '4/27/08');
INSERT INTO drug_era (drug_era_id, person_id, drug_concept_id, drug_era_start_date, drug_era_end_date) values (70124, 1550, 755695, '2/13/08', '4/27/08');
INSERT INTO visit_occurrence (visit_occurrence_id, person_id, visit_concept_id, visit_start_date, visit_end_date, visit_type_concept_id, provider_id, care_site_id) values (150055, 1550, 9201, '2/13/08', '4/27/08', 44818517, 23492, 11905);
INSERT INTO drug_exposure (drug_exposure_id, person_id, drug_concept_id, drug_exposure_start_date, drug_exposure_end_date, drug_type_concept_id, quantity, days_supply, sig, indication_concept_id, route_concept_id, drug_exposure_start_datetime, drug_exposure_end_datetime) values (160122, 1550, 40168673, '2/13/08', '4/27/08', 38000175, 1, 1, '4 times daily', null, null, '2/13/08 00:00:00', '4/27/08 00:00:00');
INSERT INTO drug_exposure (drug_exposure_id, person_id, drug_concept_id, drug_exposure_start_date, drug_exposure_end_date, drug_type_concept_id, quantity, days_supply, sig, indication_concept_id, route_concept_id, drug_exposure_start_datetime, drug_exposure_end_datetime) values (160123, 1550, 46221724, '2/13/08', '4/27/08', 38000175, 30, 30, '4 times daily', null, null, '2/13/08 00:00:00', '4/27/08 00:00:00');
INSERT INTO drug_exposure (drug_exposure_id, person_id, drug_concept_id, drug_exposure_start_date, drug_exposure_end_date, drug_type_concept_id, quantity, days_supply, sig, indication_concept_id, route_concept_id, drug_exposure_start_datetime, drug_exposure_end_datetime) values (160124, 1550, 755700, '2/13/08', '4/27/08', 38000175, 30, 30, '4 times daily', null, null, '2/13/08 00:00:00', '4/27/08 00:00:00');
INSERT INTO person (person_id, gender_concept_id, year_of_birth, month_of_birth, day_of_birth, race_concept_id, ethnicity_concept_id, location_id) values (1551, 8507, 1945, 1, 1, 8527, 38003564, 321);
INSERT INTO drug_era (drug_era_id, person_id, drug_concept_id, drug_era_start_date, drug_era_end_date) values (70125, 1551, 1398937, '2/13/08', '4/27/08');
INSERT INTO drug_era (drug_era_id, person_id, drug_concept_id, drug_era_start_date, drug_era_end_date) values (70126, 1551, 1307046, '2/13/08', '4/27/08');
INSERT INTO condition_era (condition_era_id, person_id, condition_concept_id, condition_era_start_date, condition_era_end_date) values (140006, 1551, 4309669, '2/13/08', '4/27/08');
INSERT INTO visit_occurrence (visit_occurrence_id, person_id, visit_concept_id, visit_start_date, visit_end_date, visit_type_concept_id, provider_id, care_site_id) values (150056, 1551, 9201, '2/13/08', '4/27/08', 44818517, 23492, 11905);
INSERT INTO drug_exposure (drug_exposure_id, person_id, drug_concept_id, drug_exposure_start_date, drug_exposure_end_date, drug_type_concept_id, quantity, days_supply, sig, indication_concept_id, route_concept_id, drug_exposure_start_datetime, drug_exposure_end_datetime) values (160125, 1551, 40168673, '2/13/08', '4/27/08', 38000175, 1, 1, '4 times daily', null, null, '2/13/08 00:00:00', '4/27/08 00:00:00');
INSERT INTO drug_exposure (drug_exposure_id, person_id, drug_concept_id, drug_exposure_start_date, drug_exposure_end_date, drug_type_concept_id, quantity, days_supply, sig, indication_concept_id, route_concept_id, drug_exposure_start_datetime, drug_exposure_end_datetime) values (160126, 1551, 46221724, '2/13/08', '4/27/08', 38000175, 60, 30, 'Daily', null, null, '2/13/08 00:00:00', '4/27/08 00:00:00');
INSERT INTO person (person_id, gender_concept_id, year_of_birth, month_of_birth, day_of_birth, race_concept_id, ethnicity_concept_id, location_id) values (1552, 8507, 1954, 1, 1, 8527, 38003564, 321);
INSERT INTO drug_era (drug_era_id, person_id, drug_concept_id, drug_era_start_date, drug_era_end_date) values (70127, 1552, 1398937, '2/13/08', '4/27/08');
INSERT INTO drug_era (drug_era_id, person_id, drug_concept_id, drug_era_start_date, drug_era_end_date) values (70128, 1552, 1314577, '2/13/08', '4/27/08');
INSERT INTO visit_occurrence (visit_occurrence_id, person_id, visit_concept_id, visit_start_date, visit_end_date, visit_type_concept_id, provider_id, care_site_id) values (150057, 1552, 9201, '2/13/08', '4/27/08', 44818517, 23492, 11905);
INSERT INTO drug_exposure (drug_exposure_id, person_id, drug_concept_id, drug_exposure_start_date, drug_exposure_end_date, drug_type_concept_id, quantity, days_supply, sig, indication_concept_id, route_concept_id, drug_exposure_start_datetime, drug_exposure_end_datetime) values (160127, 1552, 40168673, '2/13/08', '4/27/08', 38000175, 1, 1, '4 times daily', null, null, '2/13/08 00:00:00', '4/27/08 00:00:00');
INSERT INTO drug_exposure (drug_exposure_id, person_id, drug_concept_id, drug_exposure_start_date, drug_exposure_end_date, drug_type_concept_id, quantity, days_supply, sig, indication_concept_id, route_concept_id, drug_exposure_start_datetime, drug_exposure_end_datetime) values (160128, 1552, 1314581, '2/13/08', '4/27/08', 38000175, 60, 30, '2 times daily', null, null, '2/13/08 00:00:00', '4/27/08 00:00:00');
INSERT INTO person (person_id, gender_concept_id, year_of_birth, month_of_birth, day_of_birth, race_concept_id, ethnicity_concept_id, location_id) values (1553, 8507, 1969, 1, 1, 8527, 38003564, 321);
INSERT INTO drug_era (drug_era_id, person_id, drug_concept_id, drug_era_start_date, drug_era_end_date) values (70129, 1553, 1398937, '2/13/08', '4/27/08');
INSERT INTO drug_era (drug_era_id, person_id, drug_concept_id, drug_era_start_date, drug_era_end_date) values (70130, 1553, 1314577, '2/13/08', '4/27/08');
INSERT INTO drug_era (drug_era_id, person_id, drug_concept_id, drug_era_start_date, drug_era_end_date) values (70131, 1553, 755695, '2/13/08', '4/27/08');
INSERT INTO visit_occurrence (visit_occurrence_id, person_id, visit_concept_id, visit_start_date, visit_end_date, visit_type_concept_id, provider_id, care_site_id) values (150058, 1553, 9201, '2/13/08', '4/27/08', 44818517, 23492, 11905);
INSERT INTO drug_exposure (drug_exposure_id, person_id, drug_concept_id, drug_exposure_start_date, drug_exposure_end_date, drug_type_concept_id, quantity, days_supply, sig, indication_concept_id, route_concept_id, drug_exposure_start_datetime, drug_exposure_end_datetime) values (160129, 1553, 40168673, '2/13/08', '4/27/08', 38000175, 1, 1, '4 times daily', null, null, '2/13/08 00:00:00', '4/27/08 00:00:00');
INSERT INTO drug_exposure (drug_exposure_id, person_id, drug_concept_id, drug_exposure_start_date, drug_exposure_end_date, drug_type_concept_id, quantity, days_supply, sig, indication_concept_id, route_concept_id, drug_exposure_start_datetime, drug_exposure_end_datetime) values (160130, 1553, 19101573, '2/13/08', '4/27/08', 38000175, 30, 30, '3 times daily', null, null, '2/13/08 00:00:00', '4/27/08 00:00:00');
INSERT INTO drug_exposure (drug_exposure_id, person_id, drug_concept_id, drug_exposure_start_date, drug_exposure_end_date, drug_type_concept_id, quantity, days_supply, sig, indication_concept_id, route_concept_id, drug_exposure_start_datetime, drug_exposure_end_datetime) values (160131, 1553, 755700, '2/13/08', '4/27/08', 38000175, 30, 30, '3 times daily', null, null, '2/13/08 00:00:00', '4/27/08 00:00:00');
INSERT INTO person (person_id, gender_concept_id, year_of_birth, month_of_birth, day_of_birth, race_concept_id, ethnicity_concept_id, location_id) values (1554, 8507, 1945, 1, 1, 8527, 38003564, 321);
INSERT INTO drug_era (drug_era_id, person_id, drug_concept_id, drug_era_start_date, drug_era_end_date) values (70132, 1554, 1398937, '2/13/08', '4/27/08');
INSERT INTO drug_era (drug_era_id, person_id, drug_concept_id, drug_era_start_date, drug_era_end_date) values (70133, 1554, 1314577, '2/13/08', '4/27/08');
INSERT INTO condition_era (condition_era_id, person_id, condition_concept_id, condition_era_start_date, condition_era_end_date) values (140007, 1554, 4309669, '2/13/08', '4/27/08');
INSERT INTO visit_occurrence (visit_occurrence_id, person_id, visit_concept_id, visit_start_date, visit_end_date, visit_type_concept_id, provider_id, care_site_id) values (150059, 1554, 9201, '2/13/08', '4/27/08', 44818517, 23492, 11905);
INSERT INTO drug_exposure (drug_exposure_id, person_id, drug_concept_id, drug_exposure_start_date, drug_exposure_end_date, drug_type_concept_id, quantity, days_supply, sig, indication_concept_id, route_concept_id, drug_exposure_start_datetime, drug_exposure_end_datetime) values (160132, 1554, 40168673, '2/13/08', '4/27/08', 38000175, 1, 1, '4 times daily', null, null, '2/13/08 00:00:00', '4/27/08 00:00:00');
INSERT INTO drug_exposure (drug_exposure_id, person_id, drug_concept_id, drug_exposure_start_date, drug_exposure_end_date, drug_type_concept_id, quantity, days_supply, sig, indication_concept_id, route_concept_id, drug_exposure_start_datetime, drug_exposure_end_datetime) values (160133, 1554, 1314581, '2/13/08', '4/27/08', 38000175, 60, 30, '2 times daily', null, null, '2/13/08 00:00:00', '4/27/08 00:00:00');
INSERT INTO person (person_id, gender_concept_id, year_of_birth, month_of_birth, day_of_birth, race_concept_id, ethnicity_concept_id, location_id) values (1555, 8507, 1960, 1, 1, 8527, 38003564, 321);
INSERT INTO drug_era (drug_era_id, person_id, drug_concept_id, drug_era_start_date, drug_era_end_date) values (70134, 1555, 1398937, '2/13/08', '4/27/08');
INSERT INTO drug_era (drug_era_id, person_id, drug_concept_id, drug_era_start_date, drug_era_end_date) values (70135, 1555, 1314002, '2/13/08', '4/27/08');
INSERT INTO visit_occurrence (visit_occurrence_id, person_id, visit_concept_id, visit_start_date, visit_end_date, visit_type_concept_id, provider_id, care_site_id) values (150060, 1555, 9201, '2/13/08', '4/27/08', 44818517, 23492, 11905);
INSERT INTO drug_exposure (drug_exposure_id, person_id, drug_concept_id, drug_exposure_start_date, drug_exposure_end_date, drug_type_concept_id, quantity, days_supply, sig, indication_concept_id, route_concept_id, drug_exposure_start_datetime, drug_exposure_end_datetime) values (160134, 1555, 40168673, '2/13/08', '4/27/08', 38000175, 1, 1, '4 times daily', null, null, '2/13/08 00:00:00', '4/27/08 00:00:00');
INSERT INTO drug_exposure (drug_exposure_id, person_id, drug_concept_id, drug_exposure_start_date, drug_exposure_end_date, drug_type_concept_id, quantity, days_supply, sig, indication_concept_id, route_concept_id, drug_exposure_start_datetime, drug_exposure_end_datetime) values (160135, 1555, 19018811, '2/13/08', '4/27/08', 38000175, 150, 30, 'Daily', null, null, '2/13/08 00:00:00', '4/27/08 00:00:00');
INSERT INTO measurement (measurement_id, person_id, measurement_concept_id, measurement_date, measurement_type_concept_id, value_as_number, unit_concept_id) values (170011, 1555, 3016723, '2/13/08', 45754907, 45, 8795);
INSERT INTO person (person_id, gender_concept_id, year_of_birth, month_of_birth, day_of_birth, race_concept_id, ethnicity_concept_id, location_id) values (1556, 8507, 1930, 1, 1, 8527, 38003564, 321);
INSERT INTO drug_era (drug_era_id, person_id, drug_concept_id, drug_era_start_date, drug_era_end_date) values (70136, 1556, 1398937, '2/13/08', '4/27/08');
INSERT INTO drug_era (drug_era_id, person_id, drug_concept_id, drug_era_start_date, drug_era_end_date) values (70137, 1556, 1314002, '2/13/08', '4/27/08');
INSERT INTO visit_occurrence (visit_occurrence_id, person_id, visit_concept_id, visit_start_date, visit_end_date, visit_type_concept_id, provider_id, care_site_id) values (150061, 1556, 9201, '2/13/08', '4/27/08', 44818517, 23492, 11905);
INSERT INTO drug_exposure (drug_exposure_id, person_id, drug_concept_id, drug_exposure_start_date, drug_exposure_end_date, drug_type_concept_id, quantity, days_supply, sig, indication_concept_id, route_concept_id, drug_exposure_start_datetime, drug_exposure_end_datetime) values (160136, 1556, 40168673, '2/13/08', '4/27/08', 38000175, 1, 1, '4 times daily', null, null, '2/13/08 00:00:00', '4/27/08 00:00:00');
INSERT INTO drug_exposure (drug_exposure_id, person_id, drug_concept_id, drug_exposure_start_date, drug_exposure_end_date, drug_type_concept_id, quantity, days_supply, sig, indication_concept_id, route_concept_id, drug_exposure_start_datetime, drug_exposure_end_datetime) values (160137, 1556, 19018811, '2/13/08', '4/27/08', 38000175, 120, 30, 'Daily', null, null, '2/13/08 00:00:00', '4/27/08 00:00:00');
INSERT INTO measurement (measurement_id, person_id, measurement_concept_id, measurement_date, measurement_type_concept_id, value_as_number, unit_concept_id) values (170012, 1556, 3016723, '2/13/08', 45754907, 35, 8795);
INSERT INTO person (person_id, gender_concept_id, year_of_birth, month_of_birth, day_of_birth, race_concept_id, ethnicity_concept_id, location_id) values (1557, 8507, 1930, 1, 1, 8527, 38003564, 321);
INSERT INTO drug_era (drug_era_id, person_id, drug_concept_id, drug_era_start_date, drug_era_end_date) values (70138, 1557, 1398937, '2/13/08', '4/27/08');
INSERT INTO drug_era (drug_era_id, person_id, drug_concept_id, drug_era_start_date, drug_era_end_date) values (70139, 1557, 1338005, '2/13/08', '4/27/08');
INSERT INTO visit_occurrence (visit_occurrence_id, person_id, visit_concept_id, visit_start_date, visit_end_date, visit_type_concept_id, provider_id, care_site_id) values (150062, 1557, 9201, '2/13/08', '4/27/08', 44818517, 23492, 11905);
INSERT INTO drug_exposure (drug_exposure_id, person_id, drug_concept_id, drug_exposure_start_date, drug_exposure_end_date, drug_type_concept_id, quantity, days_supply, sig, indication_concept_id, route_concept_id, drug_exposure_start_datetime, drug_exposure_end_datetime) values (160138, 1557, 40168673, '2/13/08', '4/27/08', 38000175, 1, 1, '4 times daily', null, null, '2/13/08 00:00:00', '4/27/08 00:00:00');
INSERT INTO drug_exposure (drug_exposure_id, person_id, drug_concept_id, drug_exposure_start_date, drug_exposure_end_date, drug_type_concept_id, quantity, days_supply, sig, indication_concept_id, route_concept_id, drug_exposure_start_datetime, drug_exposure_end_datetime) values (160139, 1557, 40162867, '2/13/08', '4/27/08', 38000175, 90, 30, 'Daily', null, null, '2/13/08 00:00:00', '4/27/08 00:00:00');
INSERT INTO measurement (measurement_id, person_id, measurement_concept_id, measurement_date, measurement_type_concept_id, value_as_number, unit_concept_id) values (170013, 1557, 3016723, '2/13/08', 45754907, 35, 8795);
INSERT INTO person (person_id, gender_concept_id, year_of_birth, month_of_birth, day_of_birth, race_concept_id, ethnicity_concept_id, location_id) values (1558, 8507, 1930, 1, 1, 8527, 38003564, 321);
INSERT INTO drug_era (drug_era_id, person_id, drug_concept_id, drug_era_start_date, drug_era_end_date) values (70140, 1558, 1398937, '2/13/08', '4/27/08');
INSERT INTO drug_era (drug_era_id, person_id, drug_concept_id, drug_era_start_date, drug_era_end_date) values (70141, 1558, 1338005, '2/13/08', '4/27/08');
INSERT INTO visit_occurrence (visit_occurrence_id, person_id, visit_concept_id, visit_start_date, visit_end_date, visit_type_concept_id, provider_id, care_site_id) values (150063, 1558, 9201, '2/13/08', '4/27/08', 44818517, 23492, 11905);
INSERT INTO drug_exposure (drug_exposure_id, person_id, drug_concept_id, drug_exposure_start_date, drug_exposure_end_date, drug_type_concept_id, quantity, days_supply, sig, indication_concept_id, route_concept_id, drug_exposure_start_datetime, drug_exposure_end_datetime) values (160140, 1558, 40168673, '2/13/08', '4/27/08', 38000175, 1, 1, '4 times daily', null, null, '2/13/08 00:00:00', '4/27/08 00:00:00');
INSERT INTO drug_exposure (drug_exposure_id, person_id, drug_concept_id, drug_exposure_start_date, drug_exposure_end_date, drug_type_concept_id, quantity, days_supply, sig, indication_concept_id, route_concept_id, drug_exposure_start_datetime, drug_exposure_end_datetime) values (160141, 1558, 40162867, '2/13/08', '4/27/08', 38000175, 90, 30, 'Daily', null, null, '2/13/08 00:00:00', '4/27/08 00:00:00');
INSERT INTO measurement (measurement_id, person_id, measurement_concept_id, measurement_date, measurement_type_concept_id, value_as_number, unit_concept_id) values (170014, 1558, 3016723, '2/13/08', 45754907, 45, 8795);
INSERT INTO person (person_id, gender_concept_id, year_of_birth, month_of_birth, day_of_birth, race_concept_id, ethnicity_concept_id, location_id) values (1559, 8507, 1985, 1, 1, 8527, 38003564, 321);
INSERT INTO drug_era (drug_era_id, person_id, drug_concept_id, drug_era_start_date, drug_era_end_date) values (70142, 1559, 1398937, '2/13/08', '4/27/08');
INSERT INTO drug_era (drug_era_id, person_id, drug_concept_id, drug_era_start_date, drug_era_end_date) values (70143, 1559, 19063575, '2/13/08', '4/27/08');
INSERT INTO visit_occurrence (visit_occurrence_id, person_id, visit_concept_id, visit_start_date, visit_end_date, visit_type_concept_id, provider_id, care_site_id) values (150064, 1559, 9201, '2/13/08', '4/27/08', 44818517, 23492, 11905);
INSERT INTO drug_exposure (drug_exposure_id, person_id, drug_concept_id, drug_exposure_start_date, drug_exposure_end_date, drug_type_concept_id, quantity, days_supply, sig, indication_concept_id, route_concept_id, drug_exposure_start_datetime, drug_exposure_end_datetime) values (160142, 1559, 40168673, '2/13/08', '4/27/08', 38000175, 1, 1, '4 times daily', null, null, '2/13/08 00:00:00', '4/27/08 00:00:00');
INSERT INTO drug_exposure (drug_exposure_id, person_id, drug_concept_id, drug_exposure_start_date, drug_exposure_end_date, drug_type_concept_id, quantity, days_supply, sig, indication_concept_id, route_concept_id, drug_exposure_start_datetime, drug_exposure_end_datetime) values (160143, 1559, 40182878, '2/13/08', '4/27/08', 38000175, 60, 30, '2 times daily', null, null, '2/13/08 00:00:00', '4/27/08 00:00:00');
INSERT INTO person (person_id, gender_concept_id, year_of_birth, month_of_birth, day_of_birth, race_concept_id, ethnicity_concept_id, location_id) values (1560, 8507, 1985, 1, 1, 8527, 38003564, 321);
INSERT INTO drug_era (drug_era_id, person_id, drug_concept_id, drug_era_start_date, drug_era_end_date) values (70144, 1560, 1309944, '2/13/08', '4/27/08');
INSERT INTO drug_era (drug_era_id, person_id, drug_concept_id, drug_era_start_date, drug_era_end_date) values (70145, 1560, 1354860, '2/13/08', '4/27/08');
INSERT INTO visit_occurrence (visit_occurrence_id, person_id, visit_concept_id, visit_start_date, visit_end_date, visit_type_concept_id, provider_id, care_site_id) values (150065, 1560, 9201, '2/13/08', '4/27/08', 44818517, 23492, 11905);
INSERT INTO drug_exposure (drug_exposure_id, person_id, drug_concept_id, drug_exposure_start_date, drug_exposure_end_date, drug_type_concept_id, quantity, days_supply, sig, indication_concept_id, route_concept_id, drug_exposure_start_datetime, drug_exposure_end_datetime) values (160144, 1560, 1310037, '2/13/08', '4/27/08', 38000175, 30, 30, '2 times daily', null, null, '2/13/08 00:00:00', '4/27/08 00:00:00');
INSERT INTO drug_exposure (drug_exposure_id, person_id, drug_concept_id, drug_exposure_start_date, drug_exposure_end_date, drug_type_concept_id, quantity, days_supply, sig, indication_concept_id, route_concept_id, drug_exposure_start_datetime, drug_exposure_end_datetime) values (160145, 1560, 40169046, '2/13/08', '4/27/08', 38000175, 30, 30, '2 times daily', null, null, '2/13/08 00:00:00', '4/27/08 00:00:00');
INSERT INTO person (person_id, gender_concept_id, year_of_birth, month_of_birth, day_of_birth, race_concept_id, ethnicity_concept_id, location_id) values (1561, 8507, 1985, 1, 1, 8527, 38003564, 321);
INSERT INTO drug_era (drug_era_id, person_id, drug_concept_id, drug_era_start_date, drug_era_end_date) values (70146, 1561, 1309944, '2/13/08', '4/27/08');
INSERT INTO drug_era (drug_era_id, person_id, drug_concept_id, drug_era_start_date, drug_era_end_date) values (70147, 1561, 1000560, '2/13/08', '4/27/08');
INSERT INTO visit_occurrence (visit_occurrence_id, person_id, visit_concept_id, visit_start_date, visit_end_date, visit_type_concept_id, provider_id, care_site_id) values (150066, 1561, 9201, '2/13/08', '4/27/08', 44818517, 23492, 11905);
INSERT INTO drug_exposure (drug_exposure_id, person_id, drug_concept_id, drug_exposure_start_date, drug_exposure_end_date, drug_type_concept_id, quantity, days_supply, sig, indication_concept_id, route_concept_id, drug_exposure_start_datetime, drug_exposure_end_datetime) values (160146, 1561, 1310037, '2/13/08', '4/27/08', 38000175, 30, 30, '2 times daily', null, null, '2/13/08 00:00:00', '4/27/08 00:00:00');
INSERT INTO drug_exposure (drug_exposure_id, person_id, drug_concept_id, drug_exposure_start_date, drug_exposure_end_date, drug_type_concept_id, quantity, days_supply, sig, indication_concept_id, route_concept_id, drug_exposure_start_datetime, drug_exposure_end_datetime) values (160147, 1561, 19019419, '2/13/08', '4/27/08', 38000175, 90, 30, '2 times daily', null, null, '2/13/08 00:00:00', '4/27/08 00:00:00');
INSERT INTO person (person_id, gender_concept_id, year_of_birth, month_of_birth, day_of_birth, race_concept_id, ethnicity_concept_id, location_id) values (1562, 8507, 1985, 1, 1, 8527, 38003564, 321);
INSERT INTO drug_era (drug_era_id, person_id, drug_concept_id, drug_era_start_date, drug_era_end_date) values (70148, 1562, 1309944, '2/13/08', '4/27/08');
INSERT INTO drug_era (drug_era_id, person_id, drug_concept_id, drug_era_start_date, drug_era_end_date) values (70149, 1562, 1000560, '2/13/08', '4/27/08');
INSERT INTO visit_occurrence (visit_occurrence_id, person_id, visit_concept_id, visit_start_date, visit_end_date, visit_type_concept_id, provider_id, care_site_id) values (150067, 1562, 9201, '2/13/08', '4/27/08', 44818517, 23492, 11905);
INSERT INTO drug_exposure (drug_exposure_id, person_id, drug_concept_id, drug_exposure_start_date, drug_exposure_end_date, drug_type_concept_id, quantity, days_supply, sig, indication_concept_id, route_concept_id, drug_exposure_start_datetime, drug_exposure_end_datetime) values (160148, 1562, 1310037, '2/13/08', '4/27/08', 38000175, 30, 30, '2 times daily', null, null, '2/13/08 00:00:00', '4/27/08 00:00:00');
INSERT INTO drug_exposure (drug_exposure_id, person_id, drug_concept_id, drug_exposure_start_date, drug_exposure_end_date, drug_type_concept_id, quantity, days_supply, sig, indication_concept_id, route_concept_id, drug_exposure_start_datetime, drug_exposure_end_datetime) values (160149, 1562, 19079171, '2/13/08', '4/27/08', 38000175, 90, 30, 'Daily', null, null, '2/13/08 00:00:00', '4/27/08 00:00:00');
INSERT INTO person (person_id, gender_concept_id, year_of_birth, month_of_birth, day_of_birth, race_concept_id, ethnicity_concept_id, location_id) values (1563, 8507, 1950, 1, 1, 8527, 38003564, 321);
INSERT INTO drug_era (drug_era_id, person_id, drug_concept_id, drug_era_start_date, drug_era_end_date) values (70150, 1563, 19049105, '2/13/08', '4/27/08');
INSERT INTO drug_era (drug_era_id, person_id, drug_concept_id, drug_era_start_date, drug_era_end_date) values (70151, 1563, 970250, '2/13/08', '4/27/08');
INSERT INTO drug_era (drug_era_id, person_id, drug_concept_id, drug_era_start_date, drug_era_end_date) values (70152, 1563, 904542, '2/13/08', '4/27/08');
INSERT INTO visit_occurrence (visit_occurrence_id, person_id, visit_concept_id, visit_start_date, visit_end_date, visit_type_concept_id, provider_id, care_site_id) values (150068, 1563, 9201, '2/13/08', '4/27/08', 44818517, 23492, 11905);
INSERT INTO drug_exposure (drug_exposure_id, person_id, drug_concept_id, drug_exposure_start_date, drug_exposure_end_date, drug_type_concept_id, quantity, days_supply, sig, indication_concept_id, route_concept_id, drug_exposure_start_datetime, drug_exposure_end_datetime) values (160150, 1563, 19049371, '2/13/08', '4/27/08', 38000175, 30, 30, '4 times daily', null, null, '2/13/08 00:00:00', '4/27/08 00:00:00');
INSERT INTO drug_exposure (drug_exposure_id, person_id, drug_concept_id, drug_exposure_start_date, drug_exposure_end_date, drug_type_concept_id, quantity, days_supply, sig, indication_concept_id, route_concept_id, drug_exposure_start_datetime, drug_exposure_end_datetime) values (160151, 1563, 19106647, '2/13/08', '4/27/08', 38000175, 30, 30, '4 times daily', null, null, '2/13/08 00:00:00', '4/27/08 00:00:00');
INSERT INTO drug_exposure (drug_exposure_id, person_id, drug_concept_id, drug_exposure_start_date, drug_exposure_end_date, drug_type_concept_id, quantity, days_supply, sig, indication_concept_id, route_concept_id, drug_exposure_start_datetime, drug_exposure_end_datetime) values (160152, 1563, 904583, '2/13/08', '4/27/08', 38000175, 30, 30, '4 times daily', null, null, '2/13/08 00:00:00', '4/27/08 00:00:00');
INSERT INTO measurement (measurement_id, person_id, measurement_concept_id, measurement_date, measurement_type_concept_id, value_as_number, unit_concept_id) values (170015, 1563, 3023103, '2/13/08', 45754907, 4.2, 9557);
INSERT INTO person (person_id, gender_concept_id, year_of_birth, month_of_birth, day_of_birth, race_concept_id, ethnicity_concept_id, location_id) values (1564, 8507, 1955, 1, 1, 8527, 38003564, 321);
INSERT INTO drug_era (drug_era_id, person_id, drug_concept_id, drug_era_start_date, drug_era_end_date) values (70153, 1564, 19010482, '2/13/08', '4/27/08');
INSERT INTO drug_era (drug_era_id, person_id, drug_concept_id, drug_era_start_date, drug_era_end_date) values (70154, 1564, 1754994, '2/13/08', '4/27/08');
INSERT INTO visit_occurrence (visit_occurrence_id, person_id, visit_concept_id, visit_start_date, visit_end_date, visit_type_concept_id, provider_id, care_site_id) values (150069, 1564, 9201, '2/13/08', '4/27/08', 44818517, 23492, 11905);
INSERT INTO drug_exposure (drug_exposure_id, person_id, drug_concept_id, drug_exposure_start_date, drug_exposure_end_date, drug_type_concept_id, quantity, days_supply, sig, indication_concept_id, route_concept_id, drug_exposure_start_datetime, drug_exposure_end_datetime) values (160153, 1564, 19082899, '2/13/08', '4/27/08', 38000175, 30, 30, '2 times daily', null, null, '2/13/08 00:00:00', '4/27/08 00:00:00');
INSERT INTO drug_exposure (drug_exposure_id, person_id, drug_concept_id, drug_exposure_start_date, drug_exposure_end_date, drug_type_concept_id, quantity, days_supply, sig, indication_concept_id, route_concept_id, drug_exposure_start_datetime, drug_exposure_end_datetime) values (160154, 1564, 19019004, '2/13/08', '4/27/08', 38000175, 30, 30, '2 times daily', null, null, '2/13/08 00:00:00', '4/27/08 00:00:00');
INSERT INTO person (person_id, gender_concept_id, year_of_birth, month_of_birth, day_of_birth, race_concept_id, ethnicity_concept_id, location_id) values (1565, 8507, 1952, 1, 1, 8527, 38003564, 321);
INSERT INTO drug_era (drug_era_id, person_id, drug_concept_id, drug_era_start_date, drug_era_end_date) values (70155, 1565, 1310149, '2/13/08', '4/27/08');
INSERT INTO drug_era (drug_era_id, person_id, drug_concept_id, drug_era_start_date, drug_era_end_date) values (70156, 1565, 1124300, '2/13/08', '4/27/08');
INSERT INTO visit_occurrence (visit_occurrence_id, person_id, visit_concept_id, visit_start_date, visit_end_date, visit_type_concept_id, provider_id, care_site_id) values (150070, 1565, 9201, '2/13/08', '4/27/08', 44818517, 23492, 11905);
INSERT INTO drug_exposure (drug_exposure_id, person_id, drug_concept_id, drug_exposure_start_date, drug_exposure_end_date, drug_type_concept_id, quantity, days_supply, sig, indication_concept_id, route_concept_id, drug_exposure_start_datetime, drug_exposure_end_datetime) values (160155, 1565, 40163546, '2/13/08', '4/27/08', 38000175, 30, 30, '2 times daily', null, null, '2/13/08 00:00:00', '4/27/08 00:00:00');
INSERT INTO drug_exposure (drug_exposure_id, person_id, drug_concept_id, drug_exposure_start_date, drug_exposure_end_date, drug_type_concept_id, quantity, days_supply, sig, indication_concept_id, route_concept_id, drug_exposure_start_datetime, drug_exposure_end_datetime) values (160156, 1565, 42707588, '2/13/08', '4/27/08', 38000175, 30, 30, '3 times daily', null, null, '2/13/08 00:00:00', '4/27/08 00:00:00');
INSERT INTO person (person_id, gender_concept_id, year_of_birth, month_of_birth, day_of_birth, race_concept_id, ethnicity_concept_id, location_id) values (1566, 8507, 1972, 1, 1, 8527, 38003564, 321);
INSERT INTO drug_era (drug_era_id, person_id, drug_concept_id, drug_era_start_date, drug_era_end_date) values (70157, 1566, 1343916, '2/13/08', '4/27/08');
INSERT INTO drug_era (drug_era_id, person_id, drug_concept_id, drug_era_start_date, drug_era_end_date) values (70158, 1566, 902427, '2/13/08', '4/27/08');
INSERT INTO visit_occurrence (visit_occurrence_id, person_id, visit_concept_id, visit_start_date, visit_end_date, visit_type_concept_id, provider_id, care_site_id) values (150071, 1566, 9201, '2/13/08', '4/27/08', 44818517, 23492, 11905);
INSERT INTO drug_exposure (drug_exposure_id, person_id, drug_concept_id, drug_exposure_start_date, drug_exposure_end_date, drug_type_concept_id, quantity, days_supply, sig, indication_concept_id, route_concept_id, drug_exposure_start_datetime, drug_exposure_end_datetime) values (160157, 1566, 19076899, '2/14/08', '4/27/08', 38000175, 30, 1, '4 times daily', null, null, '2/14/08 00:00:00', '4/27/08 00:00:00');
INSERT INTO drug_exposure (drug_exposure_id, person_id, drug_concept_id, drug_exposure_start_date, drug_exposure_end_date, drug_type_concept_id, quantity, days_supply, sig, indication_concept_id, route_concept_id, drug_exposure_start_datetime, drug_exposure_end_datetime) values (160158, 1566, 19079776, '2/13/08', '4/27/08', 38000175, 5, 30, '4 times daily', null, 4184451, '2/13/08 00:00:00', '4/27/08 00:00:00');
INSERT INTO person (person_id, gender_concept_id, year_of_birth, month_of_birth, day_of_birth, race_concept_id, ethnicity_concept_id, location_id) values (1567, 8507, 1972, 1, 1, 8527, 38003564, 321);
INSERT INTO drug_era (drug_era_id, person_id, drug_concept_id, drug_era_start_date, drug_era_end_date) values (70159, 1567, 1343916, '2/13/08', '4/27/08');
INSERT INTO drug_era (drug_era_id, person_id, drug_concept_id, drug_era_start_date, drug_era_end_date) values (70160, 1567, 902427, '2/13/08', '4/27/08');
INSERT INTO visit_occurrence (visit_occurrence_id, person_id, visit_concept_id, visit_start_date, visit_end_date, visit_type_concept_id, provider_id, care_site_id) values (150072, 1567, 9201, '2/13/08', '4/27/08', 44818517, 23492, 11905);
INSERT INTO drug_exposure (drug_exposure_id, person_id, drug_concept_id, drug_exposure_start_date, drug_exposure_end_date, drug_type_concept_id, quantity, days_supply, sig, indication_concept_id, route_concept_id, drug_exposure_start_datetime, drug_exposure_end_datetime) values (160159, 1567, 19127146, '2/14/08', '4/27/08', 38000175, 2, 1, '2 times daily', null, null, '2/14/08 00:00:00', '4/27/08 00:00:00');
INSERT INTO drug_exposure (drug_exposure_id, person_id, drug_concept_id, drug_exposure_start_date, drug_exposure_end_date, drug_type_concept_id, quantity, days_supply, sig, indication_concept_id, route_concept_id, drug_exposure_start_datetime, drug_exposure_end_datetime) values (160160, 1567, 902431, '2/13/08', '4/27/08', 38000175, 20, 30, '3 times daily', null, 4132161, '2/13/08 00:00:00', '4/27/08 00:00:00');
INSERT INTO person (person_id, gender_concept_id, year_of_birth, month_of_birth, day_of_birth, race_concept_id, ethnicity_concept_id, location_id) values (1568, 8507, 1960, 1, 1, 8527, 38003564, 321);
INSERT INTO drug_era (drug_era_id, person_id, drug_concept_id, drug_era_start_date, drug_era_end_date) values (70161, 1568, 1398937, '2/13/08', '4/27/08');
INSERT INTO drug_era (drug_era_id, person_id, drug_concept_id, drug_era_start_date, drug_era_end_date) values (70162, 1568, 902427, '2/13/08', '4/27/08');
INSERT INTO visit_occurrence (visit_occurrence_id, person_id, visit_concept_id, visit_start_date, visit_end_date, visit_type_concept_id, provider_id, care_site_id) values (150073, 1568, 9201, '2/13/08', '4/27/08', 44818517, 23492, 11905);
INSERT INTO drug_exposure (drug_exposure_id, person_id, drug_concept_id, drug_exposure_start_date, drug_exposure_end_date, drug_type_concept_id, quantity, days_supply, sig, indication_concept_id, route_concept_id, drug_exposure_start_datetime, drug_exposure_end_datetime) values (160161, 1568, 40223504, '2/13/08', '4/27/08', 38000175, 30, 30, '2 times daily', null, null, '2/13/08 00:00:00', '4/27/08 00:00:00');
INSERT INTO drug_exposure (drug_exposure_id, person_id, drug_concept_id, drug_exposure_start_date, drug_exposure_end_date, drug_type_concept_id, quantity, days_supply, sig, indication_concept_id, route_concept_id, drug_exposure_start_datetime, drug_exposure_end_datetime) values (160162, 1568, 1594707, '2/13/08', '4/27/08', 38000175, 30, 30, '2 times daily', null, null, '2/13/08 00:00:00', '4/27/08 00:00:00');
INSERT INTO person (person_id, gender_concept_id, year_of_birth, month_of_birth, day_of_birth, race_concept_id, ethnicity_concept_id, location_id) values (1569, 8507, 1966, 1, 1, 8527, 38003564, 321);
INSERT INTO drug_era (drug_era_id, person_id, drug_concept_id, drug_era_start_date, drug_era_end_date) values (70163, 1569, 1398937, '2/13/08', '4/27/08');
INSERT INTO drug_era (drug_era_id, person_id, drug_concept_id, drug_era_start_date, drug_era_end_date) values (70164, 1569, 902427, '2/13/08', '4/27/08');
INSERT INTO visit_occurrence (visit_occurrence_id, person_id, visit_concept_id, visit_start_date, visit_end_date, visit_type_concept_id, provider_id, care_site_id) values (150074, 1569, 9201, '2/13/08', '4/27/08', 44818517, 23492, 11905);
INSERT INTO drug_exposure (drug_exposure_id, person_id, drug_concept_id, drug_exposure_start_date, drug_exposure_end_date, drug_type_concept_id, quantity, days_supply, sig, indication_concept_id, route_concept_id, drug_exposure_start_datetime, drug_exposure_end_datetime) values (160163, 1569, 19079775, '2/13/08', '4/27/08', 38000175, 20, 30, '4 times daily', null, null, '2/13/08 00:00:00', '4/27/08 00:00:00');
INSERT INTO drug_exposure (drug_exposure_id, person_id, drug_concept_id, drug_exposure_start_date, drug_exposure_end_date, drug_type_concept_id, quantity, days_supply, sig, indication_concept_id, route_concept_id, drug_exposure_start_datetime, drug_exposure_end_datetime) values (160164, 1569, 902489, '2/13/08', '4/27/08', 38000175, 5, 30, '4 times daily', null, null, '2/13/08 00:00:00', '4/27/08 00:00:00');
INSERT INTO person (person_id, gender_concept_id, year_of_birth, month_of_birth, day_of_birth, race_concept_id, ethnicity_concept_id, location_id) values (1570, 8507, 1950, 1, 1, 8527, 38003564, 321);
INSERT INTO drug_era (drug_era_id, person_id, drug_concept_id, drug_era_start_date, drug_era_end_date) values (70165, 1570, 1398937, '2/13/08', '4/27/08');
INSERT INTO drug_era (drug_era_id, person_id, drug_concept_id, drug_era_start_date, drug_era_end_date) values (70166, 1570, 950370, '2/13/08', '4/27/08');
INSERT INTO visit_occurrence (visit_occurrence_id, person_id, visit_concept_id, visit_start_date, visit_end_date, visit_type_concept_id, provider_id, care_site_id) values (150075, 1570, 9201, '2/13/08', '4/27/08', 44818517, 23492, 11905);
INSERT INTO drug_exposure (drug_exposure_id, person_id, drug_concept_id, drug_exposure_start_date, drug_exposure_end_date, drug_type_concept_id, quantity, days_supply, sig, indication_concept_id, route_concept_id, drug_exposure_start_datetime, drug_exposure_end_datetime) values (160165, 1570, 40223506, '2/13/08', '4/27/08', 38000175, 10, 10, 'Daily', null, null, '2/13/08 00:00:00', '4/27/08 00:00:00');
INSERT INTO drug_exposure (drug_exposure_id, person_id, drug_concept_id, drug_exposure_start_date, drug_exposure_end_date, drug_type_concept_id, quantity, days_supply, sig, indication_concept_id, route_concept_id, drug_exposure_start_datetime, drug_exposure_end_datetime) values (160166, 1570, 43219718, '2/13/08', '4/27/08', 38000175, 30, 30, '2 times daily', null, null, '2/13/08 00:00:00', '4/27/08 00:00:00');
INSERT INTO person (person_id, gender_concept_id, year_of_birth, month_of_birth, day_of_birth, race_concept_id, ethnicity_concept_id, location_id) values (1571, 8507, 1950, 1, 1, 8527, 38003564, 321);
INSERT INTO drug_era (drug_era_id, person_id, drug_concept_id, drug_era_start_date, drug_era_end_date) values (70167, 1571, 19036781, '2/13/08', '4/27/08');
INSERT INTO drug_era (drug_era_id, person_id, drug_concept_id, drug_era_start_date, drug_era_end_date) values (70168, 1571, 1777806, '2/13/08', '4/27/08');
INSERT INTO visit_occurrence (visit_occurrence_id, person_id, visit_concept_id, visit_start_date, visit_end_date, visit_type_concept_id, provider_id, care_site_id) values (150076, 1571, 9201, '2/13/08', '4/27/08', 44818517, 23492, 11905);
INSERT INTO drug_exposure (drug_exposure_id, person_id, drug_concept_id, drug_exposure_start_date, drug_exposure_end_date, drug_type_concept_id, quantity, days_supply, sig, indication_concept_id, route_concept_id, drug_exposure_start_datetime, drug_exposure_end_datetime) values (160167, 1571, 45775952, '2/13/08', '4/27/08', 38000175, 10, 10, 'Daily', null, null, '2/13/08 00:00:00', '4/27/08 00:00:00');
INSERT INTO drug_exposure (drug_exposure_id, person_id, drug_concept_id, drug_exposure_start_date, drug_exposure_end_date, drug_type_concept_id, quantity, days_supply, sig, indication_concept_id, route_concept_id, drug_exposure_start_datetime, drug_exposure_end_datetime) values (160168, 1571, 46287321, '2/13/08', '4/27/08', 38000175, 1, 1, 'Daily', null, null, '2/13/08 00:00:00', '4/27/08 00:00:00');
