INSERT INTO person (person_id, gender_concept_id, year_of_birth, month_of_birth, day_of_birth, race_concept_id, ethnicity_concept_id, location_id) values (1495, 8532, 1935, 1, 1, 8527, 38003564, 321);
INSERT INTO f_person (person_id) values (1495);
INSERT INTO drug_era (drug_era_id, person_id, drug_concept_id, drug_era_start_date, drug_era_end_date) values (70000, 1495, 1310149, '2/13/08', '4/27/08');
INSERT INTO drug_era (drug_era_id, person_id, drug_concept_id, drug_era_start_date, drug_era_end_date) values (70001, 1495, 1115008, '2/13/08', '4/27/08');
INSERT INTO drug_era (drug_era_id, person_id, drug_concept_id, drug_era_start_date, drug_era_end_date) values (70002, 1495, 923645, '2/13/08', '4/27/08');
INSERT INTO visit_occurrence (visit_occurrence_id, person_id, visit_concept_id, visit_start_date, visit_end_date, visit_type_concept_id, provider_id, care_site_id) values (150000, 1495, 9201, '2/13/08', '4/27/08', 44818517, 23492, 11905);
INSERT INTO drug_exposure (drug_exposure_id, person_id, drug_concept_id, drug_exposure_start_date, drug_exposure_end_date, drug_type_concept_id, quantity, days_supply, sig, route_concept_id, drug_exposure_start_datetime, drug_exposure_end_datetime) values (160000, 1495, 40163518, '2/13/08', '4/27/08', 38000175, 30, 30, '3 times daily', null, '2/13/08 00:00:00', '4/27/08 00:00:00');
INSERT INTO drug_exposure (drug_exposure_id, person_id, drug_concept_id, drug_exposure_start_date, drug_exposure_end_date, drug_type_concept_id, quantity, days_supply, sig, route_concept_id, drug_exposure_start_datetime, drug_exposure_end_datetime) values (160001, 1495, 1115129, '2/13/08', '4/27/08', 38000175, 30, 30, '3 times daily', null, '2/13/08 00:00:00', '4/27/08 00:00:00');
INSERT INTO drug_exposure (drug_exposure_id, person_id, drug_concept_id, drug_exposure_start_date, drug_exposure_end_date, drug_type_concept_id, quantity, days_supply, sig, route_concept_id, drug_exposure_start_datetime, drug_exposure_end_datetime) values (160002, 1495, 19023551, '2/13/08', '4/27/08', 38000175, 30, 30, '2 times daily', null, '2/13/08 00:00:00', '4/27/08 00:00:00');
INSERT INTO person (person_id, gender_concept_id, year_of_birth, month_of_birth, day_of_birth, race_concept_id, ethnicity_concept_id, location_id) values (1496, 8532, 1952, 1, 1, 8527, 38003564, 321);
INSERT INTO f_person (person_id) values (1496);
INSERT INTO drug_era (drug_era_id, person_id, drug_concept_id, drug_era_start_date, drug_era_end_date) values (70003, 1496, 1310149, '2/13/08', '4/27/08');
INSERT INTO drug_era (drug_era_id, person_id, drug_concept_id, drug_era_start_date, drug_era_end_date) values (70004, 1496, 1236607, '2/13/08', '4/27/08');
INSERT INTO condition_era (condition_era_id, person_id, condition_concept_id, condition_era_start_date, condition_era_end_date) values (140000, 1496, 4046500, '2/13/08', '4/27/08');
INSERT INTO condition_occurrence (condition_occurrence_id, person_id, condition_concept_id, condition_start_date, condition_end_date, condition_type_concept_id) values (140000, 1496, 4046500, '2/13/08', '4/27/08', 32020);
INSERT INTO visit_occurrence (visit_occurrence_id, person_id, visit_concept_id, visit_start_date, visit_end_date, visit_type_concept_id, provider_id, care_site_id) values (150001, 1496, 9201, '2/13/08', '4/27/08', 44818517, 23492, 11905);
INSERT INTO drug_exposure (drug_exposure_id, person_id, drug_concept_id, drug_exposure_start_date, drug_exposure_end_date, drug_type_concept_id, quantity, days_supply, sig, route_concept_id, drug_exposure_start_datetime, drug_exposure_end_datetime) values (160003, 1496, 40163546, '2/13/08', '4/27/08', 38000175, 30, 30, '4 times daily', null, '2/13/08 00:00:00', '4/27/08 00:00:00');
INSERT INTO drug_exposure (drug_exposure_id, person_id, drug_concept_id, drug_exposure_start_date, drug_exposure_end_date, drug_type_concept_id, quantity, days_supply, sig, route_concept_id, drug_exposure_start_datetime, drug_exposure_end_datetime) values (160004, 1496, 1236610, '2/13/08', '4/27/08', 38000175, 30, 30, '2 times daily', null, '2/13/08 00:00:00', '4/27/08 00:00:00');
INSERT INTO person (person_id, gender_concept_id, year_of_birth, month_of_birth, day_of_birth, race_concept_id, ethnicity_concept_id, location_id) values (1497, 8532, 1970, 1, 1, 8527, 38003564, 321);
INSERT INTO f_person (person_id) values (1497);
INSERT INTO drug_era (drug_era_id, person_id, drug_concept_id, drug_era_start_date, drug_era_end_date) values (70005, 1497, 1310149, '2/13/08', '4/27/08');
INSERT INTO drug_era (drug_era_id, person_id, drug_concept_id, drug_era_start_date, drug_era_end_date) values (70006, 1497, 1236607, '2/13/08', '4/27/08');
INSERT INTO drug_era (drug_era_id, person_id, drug_concept_id, drug_era_start_date, drug_era_end_date) values (70007, 1497, 970250, '2/13/08', '4/27/08');
INSERT INTO visit_occurrence (visit_occurrence_id, person_id, visit_concept_id, visit_start_date, visit_end_date, visit_type_concept_id, provider_id, care_site_id) values (150002, 1497, 9201, '2/13/08', '4/27/08', 44818517, 23492, 11905);
INSERT INTO drug_exposure (drug_exposure_id, person_id, drug_concept_id, drug_exposure_start_date, drug_exposure_end_date, drug_type_concept_id, quantity, days_supply, sig, route_concept_id, drug_exposure_start_datetime, drug_exposure_end_datetime) values (160005, 1497, 40163546, '2/13/08', '4/27/08', 38000175, 30, 30, '4 times daily', null, '2/13/08 00:00:00', '4/27/08 00:00:00');
INSERT INTO drug_exposure (drug_exposure_id, person_id, drug_concept_id, drug_exposure_start_date, drug_exposure_end_date, drug_type_concept_id, quantity, days_supply, sig, route_concept_id, drug_exposure_start_datetime, drug_exposure_end_datetime) values (160006, 1497, 1236610, '2/13/08', '4/27/08', 38000175, 30, 30, '2 times daily', null, '2/13/08 00:00:00', '4/27/08 00:00:00');
INSERT INTO drug_exposure (drug_exposure_id, person_id, drug_concept_id, drug_exposure_start_date, drug_exposure_end_date, drug_type_concept_id, quantity, days_supply, sig, route_concept_id, drug_exposure_start_datetime, drug_exposure_end_datetime) values (160007, 1497, 970282, '2/13/08', '4/27/08', 38000175, 30, 30, '3 times daily', null, '2/13/08 00:00:00', '4/27/08 00:00:00');
INSERT INTO person (person_id, gender_concept_id, year_of_birth, month_of_birth, day_of_birth, race_concept_id, ethnicity_concept_id, location_id) values (1498, 8532, 1940, 1, 1, 8527, 38003564, 321);
INSERT INTO f_person (person_id) values (1498);
INSERT INTO drug_era (drug_era_id, person_id, drug_concept_id, drug_era_start_date, drug_era_end_date) values (70008, 1498, 1310149, '2/13/08', '4/27/08');
INSERT INTO drug_era (drug_era_id, person_id, drug_concept_id, drug_era_start_date, drug_era_end_date) values (70009, 1498, 1136980, '2/13/08', '4/27/08');
INSERT INTO drug_era (drug_era_id, person_id, drug_concept_id, drug_era_start_date, drug_era_end_date) values (70010, 1498, 1551099, '2/13/08', '4/27/08');
INSERT INTO visit_occurrence (visit_occurrence_id, person_id, visit_concept_id, visit_start_date, visit_end_date, visit_type_concept_id, provider_id, care_site_id) values (150003, 1498, 9201, '2/13/08', '4/27/08', 44818517, 23492, 11905);
INSERT INTO drug_exposure (drug_exposure_id, person_id, drug_concept_id, drug_exposure_start_date, drug_exposure_end_date, drug_type_concept_id, quantity, days_supply, sig, route_concept_id, drug_exposure_start_datetime, drug_exposure_end_datetime) values (160008, 1498, 40163518, '2/13/08', '4/27/08', 38000175, 30, 30, '2 times daily', null, '2/13/08 00:00:00', '4/27/08 00:00:00');
INSERT INTO drug_exposure (drug_exposure_id, person_id, drug_concept_id, drug_exposure_start_date, drug_exposure_end_date, drug_type_concept_id, quantity, days_supply, sig, route_concept_id, drug_exposure_start_datetime, drug_exposure_end_datetime) values (160009, 1498, 19133853, '2/13/08', '4/27/08', 38000175, 30, 30, '4 times daily', null, '2/13/08 00:00:00', '4/27/08 00:00:00');
INSERT INTO drug_exposure (drug_exposure_id, person_id, drug_concept_id, drug_exposure_start_date, drug_exposure_end_date, drug_type_concept_id, quantity, days_supply, sig, route_concept_id, drug_exposure_start_datetime, drug_exposure_end_datetime) values (160010, 1498, 1551170, '2/13/08', '4/27/08', 38000175, 30, 30, '4 times daily', null, '2/13/08 00:00:00', '4/27/08 00:00:00');
INSERT INTO person (person_id, gender_concept_id, year_of_birth, month_of_birth, day_of_birth, race_concept_id, ethnicity_concept_id, location_id) values (1499, 8532, 1970, 1, 1, 8527, 38003564, 321);
INSERT INTO f_person (person_id) values (1499);
INSERT INTO drug_era (drug_era_id, person_id, drug_concept_id, drug_era_start_date, drug_era_end_date) values (70011, 1499, 1310149, '2/13/08', '4/27/08');
INSERT INTO drug_era (drug_era_id, person_id, drug_concept_id, drug_era_start_date, drug_era_end_date) values (70012, 1499, 1136980, '2/13/08', '4/27/08');
INSERT INTO visit_occurrence (visit_occurrence_id, person_id, visit_concept_id, visit_start_date, visit_end_date, visit_type_concept_id, provider_id, care_site_id) values (150004, 1499, 9201, '2/13/08', '4/27/08', 44818517, 23492, 11905);
INSERT INTO drug_exposure (drug_exposure_id, person_id, drug_concept_id, drug_exposure_start_date, drug_exposure_end_date, drug_type_concept_id, quantity, days_supply, sig, route_concept_id, drug_exposure_start_datetime, drug_exposure_end_datetime) values (160011, 1499, 40163518, '2/13/08', '4/27/08', 38000175, 30, 30, '2 times daily', null, '2/13/08 00:00:00', '4/27/08 00:00:00');
INSERT INTO drug_exposure (drug_exposure_id, person_id, drug_concept_id, drug_exposure_start_date, drug_exposure_end_date, drug_type_concept_id, quantity, days_supply, sig, route_concept_id, drug_exposure_start_datetime, drug_exposure_end_datetime) values (160012, 1499, 19133853, '2/13/08', '4/27/08', 38000175, 30, 30, '4 times daily', null, '2/13/08 00:00:00', '4/27/08 00:00:00');
INSERT INTO person (person_id, gender_concept_id, year_of_birth, month_of_birth, day_of_birth, race_concept_id, ethnicity_concept_id, location_id) values (1500, 8532, 1950, 1, 1, 8527, 38003564, 321);
INSERT INTO f_person (person_id) values (1500);
INSERT INTO drug_era (drug_era_id, person_id, drug_concept_id, drug_era_start_date, drug_era_end_date) values (70013, 1500, 19049105, '2/13/08', '4/27/08');
INSERT INTO drug_era (drug_era_id, person_id, drug_concept_id, drug_era_start_date, drug_era_end_date) values (70014, 1500, 970250, '2/13/08', '4/27/08');
INSERT INTO visit_occurrence (visit_occurrence_id, person_id, visit_concept_id, visit_start_date, visit_end_date, visit_type_concept_id, provider_id, care_site_id) values (150005, 1500, 9201, '2/13/08', '4/27/08', 44818517, 23492, 11905);
INSERT INTO drug_exposure (drug_exposure_id, person_id, drug_concept_id, drug_exposure_start_date, drug_exposure_end_date, drug_type_concept_id, quantity, days_supply, sig, route_concept_id, drug_exposure_start_datetime, drug_exposure_end_datetime) values (160013, 1500, 19049371, '2/13/08', '4/27/08', 38000175, 30, 30, '2 times daily', null, '2/13/08 00:00:00', '4/27/08 00:00:00');
INSERT INTO drug_exposure (drug_exposure_id, person_id, drug_concept_id, drug_exposure_start_date, drug_exposure_end_date, drug_type_concept_id, quantity, days_supply, sig, route_concept_id, drug_exposure_start_datetime, drug_exposure_end_datetime) values (160014, 1500, 19106647, '2/13/08', '4/27/08', 38000175, 30, 30, '3 times daily', null, '2/13/08 00:00:00', '4/27/08 00:00:00');
INSERT INTO measurement (measurement_id, person_id, measurement_concept_id, measurement_datetime, measurement_type_concept_id, value_as_number, unit_concept_id) values (170000, 1500, 3023103, '2/13/08 00:00:00', 45754907, 4.2, 9557);
INSERT INTO person (person_id, gender_concept_id, year_of_birth, month_of_birth, day_of_birth, race_concept_id, ethnicity_concept_id, location_id) values (1501, 8532, 1950, 1, 1, 8527, 38003564, 321);
INSERT INTO f_person (person_id) values (1501);
INSERT INTO drug_era (drug_era_id, person_id, drug_concept_id, drug_era_start_date, drug_era_end_date) values (70015, 1501, 19049105, '2/13/08', '4/27/08');
INSERT INTO drug_era (drug_era_id, person_id, drug_concept_id, drug_era_start_date, drug_era_end_date) values (70016, 1501, 970250, '2/13/08', '4/27/08');
INSERT INTO drug_era (drug_era_id, person_id, drug_concept_id, drug_era_start_date, drug_era_end_date) values (70017, 1501, 1335471, '2/13/08', '4/27/08');
INSERT INTO visit_occurrence (visit_occurrence_id, person_id, visit_concept_id, visit_start_date, visit_end_date, visit_type_concept_id, provider_id, care_site_id) values (150006, 1501, 9201, '2/13/08', '4/27/08', 44818517, 23492, 11905);
INSERT INTO drug_exposure (drug_exposure_id, person_id, drug_concept_id, drug_exposure_start_date, drug_exposure_end_date, drug_type_concept_id, quantity, days_supply, sig, route_concept_id, drug_exposure_start_datetime, drug_exposure_end_datetime) values (160015, 1501, 19049376, '2/13/08', '4/27/08', 38000175, 30, 30, '3 times daily', null, '2/13/08 00:00:00', '4/27/08 00:00:00');
INSERT INTO drug_exposure (drug_exposure_id, person_id, drug_concept_id, drug_exposure_start_date, drug_exposure_end_date, drug_type_concept_id, quantity, days_supply, sig, route_concept_id, drug_exposure_start_datetime, drug_exposure_end_datetime) values (160016, 1501, 19106647, '2/13/08', '4/27/08', 38000175, 30, 30, '4 times daily', null, '2/13/08 00:00:00', '4/27/08 00:00:00');
INSERT INTO drug_exposure (drug_exposure_id, person_id, drug_concept_id, drug_exposure_start_date, drug_exposure_end_date, drug_type_concept_id, quantity, days_supply, sig, route_concept_id, drug_exposure_start_datetime, drug_exposure_end_datetime) values (160017, 1501, 40171675, '2/13/08', '4/27/08', 38000175, 30, 30, '4 times daily', null, '2/13/08 00:00:00', '4/27/08 00:00:00');
INSERT INTO measurement (measurement_id, person_id, measurement_concept_id, measurement_datetime, measurement_type_concept_id, value_as_number, unit_concept_id) values (170001, 1501, 3023103, '2/13/08 00:00:00', 45754907, 5.1, 9557);
INSERT INTO person (person_id, gender_concept_id, year_of_birth, month_of_birth, day_of_birth, race_concept_id, ethnicity_concept_id, location_id) values (1502, 8532, 1930, 1, 1, 8527, 38003564, 321);
INSERT INTO f_person (person_id) values (1502);
INSERT INTO drug_era (drug_era_id, person_id, drug_concept_id, drug_era_start_date, drug_era_end_date) values (70018, 1502, 19049105, '2/13/08', '4/27/08');
INSERT INTO drug_era (drug_era_id, person_id, drug_concept_id, drug_era_start_date, drug_era_end_date) values (70019, 1502, 970250, '2/13/08', '4/27/08');
INSERT INTO visit_occurrence (visit_occurrence_id, person_id, visit_concept_id, visit_start_date, visit_end_date, visit_type_concept_id, provider_id, care_site_id) values (150007, 1502, 9201, '2/13/08', '4/27/08', 44818517, 23492, 11905);
INSERT INTO drug_exposure (drug_exposure_id, person_id, drug_concept_id, drug_exposure_start_date, drug_exposure_end_date, drug_type_concept_id, quantity, days_supply, sig, route_concept_id, drug_exposure_start_datetime, drug_exposure_end_datetime) values (160018, 1502, 19049376, '2/13/08', '4/27/08', 38000175, 30, 30, '2 times daily', null, '2/13/08 00:00:00', '4/27/08 00:00:00');
INSERT INTO drug_exposure (drug_exposure_id, person_id, drug_concept_id, drug_exposure_start_date, drug_exposure_end_date, drug_type_concept_id, quantity, days_supply, sig, route_concept_id, drug_exposure_start_datetime, drug_exposure_end_datetime) values (160019, 1502, 19106647, '2/13/08', '4/27/08', 38000175, 30, 30, '3 times daily', null, '2/13/08 00:00:00', '4/27/08 00:00:00');
INSERT INTO measurement (measurement_id, person_id, measurement_concept_id, measurement_datetime, measurement_type_concept_id, value_as_number, unit_concept_id) values (170002, 1502, 3023103, '2/13/08 00:00:00', 45754907, 5.5, 9557);
INSERT INTO measurement (measurement_id, person_id, measurement_concept_id, measurement_datetime, measurement_type_concept_id, value_as_number, unit_concept_id) values (170003, 1502, 3016723, '2/13/08 00:00:00', 45754907, 32, 8795);
INSERT INTO person (person_id, gender_concept_id, year_of_birth, month_of_birth, day_of_birth, race_concept_id, ethnicity_concept_id, location_id) values (1503, 8532, 1940, 1, 1, 8527, 38003564, 321);
INSERT INTO f_person (person_id) values (1503);
INSERT INTO drug_era (drug_era_id, person_id, drug_concept_id, drug_era_start_date, drug_era_end_date) values (70020, 1503, 19049105, '2/13/08', '4/27/08');
INSERT INTO drug_era (drug_era_id, person_id, drug_concept_id, drug_era_start_date, drug_era_end_date) values (70021, 1503, 970250, '2/13/08', '4/27/08');
INSERT INTO visit_occurrence (visit_occurrence_id, person_id, visit_concept_id, visit_start_date, visit_end_date, visit_type_concept_id, provider_id, care_site_id) values (150008, 1503, 9201, '2/13/08', '4/27/08', 44818517, 23492, 11905);
INSERT INTO drug_exposure (drug_exposure_id, person_id, drug_concept_id, drug_exposure_start_date, drug_exposure_end_date, drug_type_concept_id, quantity, days_supply, sig, route_concept_id, drug_exposure_start_datetime, drug_exposure_end_datetime) values (160020, 1503, 19104396, '2/13/08', '4/27/08', 38000175, 20, 10, '3 times daily', null, '2/13/08 00:00:00', '4/27/08 00:00:00');
INSERT INTO drug_exposure (drug_exposure_id, person_id, drug_concept_id, drug_exposure_start_date, drug_exposure_end_date, drug_type_concept_id, quantity, days_supply, sig, route_concept_id, drug_exposure_start_datetime, drug_exposure_end_datetime) values (160021, 1503, 19106647, '2/13/08', '4/27/08', 38000175, 30, 30, '2 times daily', null, '2/13/08 00:00:00', '4/27/08 00:00:00');
INSERT INTO measurement (measurement_id, person_id, measurement_concept_id, measurement_datetime, measurement_type_concept_id, value_as_number, unit_concept_id) values (170004, 1503, 3023103, '2/13/08 00:00:00', 45754907, 3.5, 9557);
INSERT INTO measurement (measurement_id, person_id, measurement_concept_id, measurement_datetime, measurement_type_concept_id, value_as_number, unit_concept_id) values (170005, 1503, 3016723, '2/13/08 00:00:00', 45754907, 32, 8795);
INSERT INTO person (person_id, gender_concept_id, year_of_birth, month_of_birth, day_of_birth, race_concept_id, ethnicity_concept_id, location_id) values (1504, 8532, 1955, 1, 1, 8527, 38003564, 321);
INSERT INTO f_person (person_id) values (1504);
INSERT INTO drug_era (drug_era_id, person_id, drug_concept_id, drug_era_start_date, drug_era_end_date) values (70022, 1504, 1754994, '2/13/08', '4/27/08');
INSERT INTO drug_era (drug_era_id, person_id, drug_concept_id, drug_era_start_date, drug_era_end_date) values (70023, 1504, 1124957, '2/13/08', '4/27/08');
INSERT INTO visit_occurrence (visit_occurrence_id, person_id, visit_concept_id, visit_start_date, visit_end_date, visit_type_concept_id, provider_id, care_site_id) values (150009, 1504, 9202, '2/13/08', '4/27/08', 44818517, 23492, 11905);
INSERT INTO drug_exposure (drug_exposure_id, person_id, drug_concept_id, drug_exposure_start_date, drug_exposure_end_date, drug_type_concept_id, quantity, days_supply, sig, route_concept_id, drug_exposure_start_datetime, drug_exposure_end_datetime) values (160022, 1504, 19019004, '2/13/08', '4/27/08', 38000175, 60, 30, 'Daily', null, '2/13/08 00:00:00', '4/27/08 00:00:00');
INSERT INTO drug_exposure (drug_exposure_id, person_id, drug_concept_id, drug_exposure_start_date, drug_exposure_end_date, drug_type_concept_id, quantity, days_supply, sig, route_concept_id, drug_exposure_start_datetime, drug_exposure_end_datetime) values (160023, 1504, 40232717, '2/13/08', '4/27/08', 38000175, 120, 30, 'Daily', null, '2/13/08 00:00:00', '4/27/08 00:00:00');
INSERT INTO person (person_id, gender_concept_id, year_of_birth, month_of_birth, day_of_birth, race_concept_id, ethnicity_concept_id, location_id) values (1505, 8532, 1950, 1, 1, 8527, 38003564, 321);
INSERT INTO f_person (person_id) values (1505);
INSERT INTO drug_era (drug_era_id, person_id, drug_concept_id, drug_era_start_date, drug_era_end_date) values (70024, 1505, 1754994, '2/13/08', '4/27/08');
INSERT INTO drug_era (drug_era_id, person_id, drug_concept_id, drug_era_start_date, drug_era_end_date) values (70025, 1505, 1124957, '2/13/08', '4/27/08');
INSERT INTO visit_occurrence (visit_occurrence_id, person_id, visit_concept_id, visit_start_date, visit_end_date, visit_type_concept_id, provider_id, care_site_id) values (150010, 1505, 9202, '2/13/08', '4/27/08', 44818517, 23492, 11905);
INSERT INTO drug_exposure (drug_exposure_id, person_id, drug_concept_id, drug_exposure_start_date, drug_exposure_end_date, drug_type_concept_id, quantity, days_supply, sig, route_concept_id, drug_exposure_start_datetime, drug_exposure_end_datetime) values (160024, 1505, 19019004, '2/13/08', '4/27/08', 38000175, 30, 30, '2 times daily', null, '2/13/08 00:00:00', '4/27/08 00:00:00');
INSERT INTO drug_exposure (drug_exposure_id, person_id, drug_concept_id, drug_exposure_start_date, drug_exposure_end_date, drug_type_concept_id, quantity, days_supply, sig, route_concept_id, drug_exposure_start_datetime, drug_exposure_end_datetime) values (160025, 1505, 40232717, '2/13/08', '4/27/08', 38000175, 30, 30, '4 times daily', null, '2/13/08 00:00:00', '4/27/08 00:00:00');
INSERT INTO person (person_id, gender_concept_id, year_of_birth, month_of_birth, day_of_birth, race_concept_id, ethnicity_concept_id, location_id) values (1506, 8532, 1952, 1, 1, 8527, 38003564, 321);
INSERT INTO f_person (person_id) values (1506);
INSERT INTO drug_era (drug_era_id, person_id, drug_concept_id, drug_era_start_date, drug_era_end_date) values (70026, 1506, 1754994, '2/13/08', '4/27/08');
INSERT INTO drug_era (drug_era_id, person_id, drug_concept_id, drug_era_start_date, drug_era_end_date) values (70027, 1506, 1124957, '2/13/08', '4/27/08');
INSERT INTO visit_occurrence (visit_occurrence_id, person_id, visit_concept_id, visit_start_date, visit_end_date, visit_type_concept_id, provider_id, care_site_id) values (150011, 1506, 9202, '2/13/08', '4/27/08', 44818517, 23492, 11905);
INSERT INTO drug_exposure (drug_exposure_id, person_id, drug_concept_id, drug_exposure_start_date, drug_exposure_end_date, drug_type_concept_id, quantity, days_supply, sig, route_concept_id, drug_exposure_start_datetime, drug_exposure_end_datetime) values (160026, 1506, 19019004, '2/13/08', '4/27/08', 38000175, 60, 30, 'Daily', null, '2/13/08 00:00:00', '4/27/08 00:00:00');
INSERT INTO drug_exposure (drug_exposure_id, person_id, drug_concept_id, drug_exposure_start_date, drug_exposure_end_date, drug_type_concept_id, quantity, days_supply, sig, route_concept_id, drug_exposure_start_datetime, drug_exposure_end_datetime) values (160027, 1506, 40232717, '2/13/08', '4/27/08', 38000175, 30, 30, '4 times daily', null, '2/13/08 00:00:00', '4/27/08 00:00:00');
INSERT INTO person (person_id, gender_concept_id, year_of_birth, month_of_birth, day_of_birth, race_concept_id, ethnicity_concept_id, location_id) values (1507, 8532, 1953, 1, 1, 8527, 38003564, 321);
INSERT INTO f_person (person_id) values (1507);
INSERT INTO drug_era (drug_era_id, person_id, drug_concept_id, drug_era_start_date, drug_era_end_date) values (70028, 1507, 1754994, '2/13/08', '4/27/08');
INSERT INTO drug_era (drug_era_id, person_id, drug_concept_id, drug_era_start_date, drug_era_end_date) values (70029, 1507, 1154029, '2/13/08', '4/27/08');
INSERT INTO visit_occurrence (visit_occurrence_id, person_id, visit_concept_id, visit_start_date, visit_end_date, visit_type_concept_id, provider_id, care_site_id) values (150012, 1507, 9202, '2/13/08', '4/27/08', 44818517, 23492, 11905);
INSERT INTO drug_exposure (drug_exposure_id, person_id, drug_concept_id, drug_exposure_start_date, drug_exposure_end_date, drug_type_concept_id, quantity, days_supply, sig, route_concept_id, drug_exposure_start_datetime, drug_exposure_end_datetime) values (160028, 1507, 19019004, '2/13/08', '4/27/08', 38000175, 60, 30, 'Daily', null, '2/13/08 00:00:00', '4/27/08 00:00:00');
INSERT INTO drug_exposure (drug_exposure_id, person_id, drug_concept_id, drug_exposure_start_date, drug_exposure_end_date, drug_type_concept_id, quantity, days_supply, sig, route_concept_id, drug_exposure_start_datetime, drug_exposure_end_datetime) values (160029, 1507, 1154108, '2/13/08', '4/27/08', 38000175, 3, 1, '4 times daily', null, '2/13/08 00:00:00', '4/27/08 00:00:00');
INSERT INTO person (person_id, gender_concept_id, year_of_birth, month_of_birth, day_of_birth, race_concept_id, ethnicity_concept_id, location_id) values (1508, 8532, 1940, 1, 1, 8527, 38003564, 321);
INSERT INTO f_person (person_id) values (1508);
INSERT INTO drug_era (drug_era_id, person_id, drug_concept_id, drug_era_start_date, drug_era_end_date) values (70030, 1508, 19049105, '2/13/08', '4/27/08');
INSERT INTO drug_era (drug_era_id, person_id, drug_concept_id, drug_era_start_date, drug_era_end_date) values (70031, 1508, 970250, '2/13/08', '4/27/08');
INSERT INTO visit_occurrence (visit_occurrence_id, person_id, visit_concept_id, visit_start_date, visit_end_date, visit_type_concept_id, provider_id, care_site_id) values (150013, 1508, 9201, '2/13/08', '4/27/08', 44818517, 23492, 11905);
INSERT INTO drug_exposure (drug_exposure_id, person_id, drug_concept_id, drug_exposure_start_date, drug_exposure_end_date, drug_type_concept_id, quantity, days_supply, sig, route_concept_id, drug_exposure_start_datetime, drug_exposure_end_datetime) values (160030, 1508, 19104396, '2/14/08', '4/27/08', 38000175, 20, 10, '3 times daily', null, '2/14/08 00:00:00', '4/27/08 00:00:00');
INSERT INTO drug_exposure (drug_exposure_id, person_id, drug_concept_id, drug_exposure_start_date, drug_exposure_end_date, drug_type_concept_id, quantity, days_supply, sig, route_concept_id, drug_exposure_start_datetime, drug_exposure_end_datetime) values (160031, 1508, 19106647, '2/13/08', '4/27/08', 38000175, 30, 30, '2 times daily', null, '2/13/08 00:00:00', '4/27/08 00:00:00');
INSERT INTO person (person_id, gender_concept_id, year_of_birth, month_of_birth, day_of_birth, race_concept_id, ethnicity_concept_id, location_id) values (1509, 8532, 1950, 1, 1, 8527, 38003564, 321);
INSERT INTO f_person (person_id) values (1509);
INSERT INTO drug_era (drug_era_id, person_id, drug_concept_id, drug_era_start_date, drug_era_end_date) values (70032, 1509, 1343916, '2/13/08', '4/27/08');
INSERT INTO drug_era (drug_era_id, person_id, drug_concept_id, drug_era_start_date, drug_era_end_date) values (70033, 1509, 1353766, '2/13/08', '4/27/08');
INSERT INTO visit_occurrence (visit_occurrence_id, person_id, visit_concept_id, visit_start_date, visit_end_date, visit_type_concept_id, provider_id, care_site_id) values (150014, 1509, 9201, '2/13/08', '4/27/08', 44818517, 23492, 11905);
INSERT INTO drug_exposure (drug_exposure_id, person_id, drug_concept_id, drug_exposure_start_date, drug_exposure_end_date, drug_type_concept_id, quantity, days_supply, sig, route_concept_id, drug_exposure_start_datetime, drug_exposure_end_datetime) values (160032, 1509, 19076899, '2/14/08', '4/27/08', 38000175, 1, 1, '4 times daily', null, '2/14/08 00:00:00', '4/27/08 00:00:00');
INSERT INTO drug_exposure (drug_exposure_id, person_id, drug_concept_id, drug_exposure_start_date, drug_exposure_end_date, drug_type_concept_id, quantity, days_supply, sig, route_concept_id, drug_exposure_start_datetime, drug_exposure_end_datetime) values (160033, 1509, 40163312, '2/13/08', '4/27/08', 38000175, 30, 30, '2 times daily', null, '2/13/08 00:00:00', '4/27/08 00:00:00');
INSERT INTO person (person_id, gender_concept_id, year_of_birth, month_of_birth, day_of_birth, race_concept_id, ethnicity_concept_id, location_id) values (1510, 8532, 1955, 1, 1, 8527, 38003564, 321);
INSERT INTO f_person (person_id) values (1510);
INSERT INTO drug_era (drug_era_id, person_id, drug_concept_id, drug_era_start_date, drug_era_end_date) values (70034, 1510, 1343916, '2/13/08', '4/27/08');
INSERT INTO drug_era (drug_era_id, person_id, drug_concept_id, drug_era_start_date, drug_era_end_date) values (70035, 1510, 1322081, '2/13/08', '4/27/08');
INSERT INTO visit_occurrence (visit_occurrence_id, person_id, visit_concept_id, visit_start_date, visit_end_date, visit_type_concept_id, provider_id, care_site_id) values (150015, 1510, 9201, '2/13/08', '4/27/08', 44818517, 23492, 11905);
INSERT INTO drug_exposure (drug_exposure_id, person_id, drug_concept_id, drug_exposure_start_date, drug_exposure_end_date, drug_type_concept_id, quantity, days_supply, sig, route_concept_id, drug_exposure_start_datetime, drug_exposure_end_datetime) values (160034, 1510, 19076899, '2/13/08', '4/27/08', 38000175, 1, 1, '4 times daily', null, '2/13/08 00:00:00', '4/27/08 00:00:00');
INSERT INTO drug_exposure (drug_exposure_id, person_id, drug_concept_id, drug_exposure_start_date, drug_exposure_end_date, drug_type_concept_id, quantity, days_supply, sig, route_concept_id, drug_exposure_start_datetime, drug_exposure_end_datetime) values (160035, 1510, 42800549, '2/13/08', '4/27/08', 38000175, 60, 30, '2 times daily', null, '2/13/08 00:00:00', '4/27/08 00:00:00');
INSERT INTO person (person_id, gender_concept_id, year_of_birth, month_of_birth, day_of_birth, race_concept_id, ethnicity_concept_id, location_id) values (1511, 8532, 1960, 1, 1, 8527, 38003564, 321);
INSERT INTO f_person (person_id) values (1511);
INSERT INTO drug_era (drug_era_id, person_id, drug_concept_id, drug_era_start_date, drug_era_end_date) values (70036, 1511, 1343916, '2/13/08', '4/27/08');
INSERT INTO drug_era (drug_era_id, person_id, drug_concept_id, drug_era_start_date, drug_era_end_date) values (70037, 1511, 1314002, '2/13/08', '4/27/08');
INSERT INTO visit_occurrence (visit_occurrence_id, person_id, visit_concept_id, visit_start_date, visit_end_date, visit_type_concept_id, provider_id, care_site_id) values (150016, 1511, 9201, '2/13/08', '4/27/08', 44818517, 23492, 11905);
INSERT INTO drug_exposure (drug_exposure_id, person_id, drug_concept_id, drug_exposure_start_date, drug_exposure_end_date, drug_type_concept_id, quantity, days_supply, sig, route_concept_id, drug_exposure_start_datetime, drug_exposure_end_datetime) values (160036, 1511, 19076899, '2/14/08', '4/27/08', 38000175, 1, 1, '4 times daily', null, '2/14/08 00:00:00', '4/27/08 00:00:00');
INSERT INTO drug_exposure (drug_exposure_id, person_id, drug_concept_id, drug_exposure_start_date, drug_exposure_end_date, drug_type_concept_id, quantity, days_supply, sig, route_concept_id, drug_exposure_start_datetime, drug_exposure_end_datetime) values (160037, 1511, 19018811, '2/13/08', '4/27/08', 38000175, 150, 30, 'Daily', null, '2/13/08 00:00:00', '4/27/08 00:00:00');
INSERT INTO measurement (measurement_id, person_id, measurement_concept_id, measurement_datetime, measurement_type_concept_id, value_as_number, unit_concept_id) values (170006, 1511, 3016723, '2/13/08 00:00:00', 45754907, 45, 8795);
INSERT INTO person (person_id, gender_concept_id, year_of_birth, month_of_birth, day_of_birth, race_concept_id, ethnicity_concept_id, location_id) values (1512, 8532, 1930, 1, 1, 8527, 38003564, 321);
INSERT INTO f_person (person_id) values (1512);
INSERT INTO drug_era (drug_era_id, person_id, drug_concept_id, drug_era_start_date, drug_era_end_date) values (70038, 1512, 1343916, '2/13/08', '4/27/08');
INSERT INTO drug_era (drug_era_id, person_id, drug_concept_id, drug_era_start_date, drug_era_end_date) values (70039, 1512, 1314002, '2/13/08', '4/27/08');
INSERT INTO visit_occurrence (visit_occurrence_id, person_id, visit_concept_id, visit_start_date, visit_end_date, visit_type_concept_id, provider_id, care_site_id) values (150017, 1512, 9201, '2/13/08', '4/27/08', 44818517, 23492, 11905);
INSERT INTO drug_exposure (drug_exposure_id, person_id, drug_concept_id, drug_exposure_start_date, drug_exposure_end_date, drug_type_concept_id, quantity, days_supply, sig, route_concept_id, drug_exposure_start_datetime, drug_exposure_end_datetime) values (160038, 1512, 19076899, '2/13/08', '4/27/08', 38000175, 1, 1, '4 times daily', null, '2/13/08 00:00:00', '4/27/08 00:00:00');
INSERT INTO drug_exposure (drug_exposure_id, person_id, drug_concept_id, drug_exposure_start_date, drug_exposure_end_date, drug_type_concept_id, quantity, days_supply, sig, route_concept_id, drug_exposure_start_datetime, drug_exposure_end_datetime) values (160039, 1512, 19018811, '2/13/08', '4/27/08', 38000175, 120, 30, 'Daily', null, '2/13/08 00:00:00', '4/27/08 00:00:00');
INSERT INTO measurement (measurement_id, person_id, measurement_concept_id, measurement_datetime, measurement_type_concept_id, value_as_number, unit_concept_id) values (170007, 1512, 3016723, '2/13/08 00:00:00', 45754907, 35, 8795);
INSERT INTO person (person_id, gender_concept_id, year_of_birth, month_of_birth, day_of_birth, race_concept_id, ethnicity_concept_id, location_id) values (1513, 8532, 1930, 1, 1, 8527, 38003564, 321);
INSERT INTO f_person (person_id) values (1513);
INSERT INTO drug_era (drug_era_id, person_id, drug_concept_id, drug_era_start_date, drug_era_end_date) values (70040, 1513, 1343916, '2/13/08', '4/27/08');
INSERT INTO drug_era (drug_era_id, person_id, drug_concept_id, drug_era_start_date, drug_era_end_date) values (70041, 1513, 1338005, '2/13/08', '4/27/08');
INSERT INTO visit_occurrence (visit_occurrence_id, person_id, visit_concept_id, visit_start_date, visit_end_date, visit_type_concept_id, provider_id, care_site_id) values (150018, 1513, 9201, '2/13/08', '4/27/08', 44818517, 23492, 11905);
INSERT INTO drug_exposure (drug_exposure_id, person_id, drug_concept_id, drug_exposure_start_date, drug_exposure_end_date, drug_type_concept_id, quantity, days_supply, sig, route_concept_id, drug_exposure_start_datetime, drug_exposure_end_datetime) values (160040, 1513, 19076899, '2/14/08', '4/27/08', 38000175, 1, 1, '4 times daily', null, '2/14/08 00:00:00', '4/27/08 00:00:00');
INSERT INTO drug_exposure (drug_exposure_id, person_id, drug_concept_id, drug_exposure_start_date, drug_exposure_end_date, drug_type_concept_id, quantity, days_supply, sig, route_concept_id, drug_exposure_start_datetime, drug_exposure_end_datetime) values (160041, 1513, 40162867, '2/13/08', '4/27/08', 38000175, 90, 30, '2 times daily', null, '2/13/08 00:00:00', '4/27/08 00:00:00');
INSERT INTO measurement (measurement_id, person_id, measurement_concept_id, measurement_datetime, measurement_type_concept_id, value_as_number, unit_concept_id) values (170008, 1513, 3016723, '2/13/08 00:00:00', 45754907, 35, 8795);
INSERT INTO person (person_id, gender_concept_id, year_of_birth, month_of_birth, day_of_birth, race_concept_id, ethnicity_concept_id, location_id) values (1514, 8532, 1930, 1, 1, 8527, 38003564, 321);
INSERT INTO f_person (person_id) values (1514);
INSERT INTO drug_era (drug_era_id, person_id, drug_concept_id, drug_era_start_date, drug_era_end_date) values (70042, 1514, 1343916, '2/13/08', '4/27/08');
INSERT INTO drug_era (drug_era_id, person_id, drug_concept_id, drug_era_start_date, drug_era_end_date) values (70043, 1514, 1338005, '2/13/08', '4/27/08');
INSERT INTO visit_occurrence (visit_occurrence_id, person_id, visit_concept_id, visit_start_date, visit_end_date, visit_type_concept_id, provider_id, care_site_id) values (150019, 1514, 9201, '2/13/08', '4/27/08', 44818517, 23492, 11905);
INSERT INTO drug_exposure (drug_exposure_id, person_id, drug_concept_id, drug_exposure_start_date, drug_exposure_end_date, drug_type_concept_id, quantity, days_supply, sig, route_concept_id, drug_exposure_start_datetime, drug_exposure_end_datetime) values (160042, 1514, 40226826, '2/13/08', '4/27/08', 38000175, 60, 1, '4 times daily', null, '2/13/08 00:00:00', '4/27/08 00:00:00');
INSERT INTO drug_exposure (drug_exposure_id, person_id, drug_concept_id, drug_exposure_start_date, drug_exposure_end_date, drug_type_concept_id, quantity, days_supply, sig, route_concept_id, drug_exposure_start_datetime, drug_exposure_end_datetime) values (160043, 1514, 40162867, '2/13/08', '4/27/08', 38000175, 90, 30, '2 times daily', null, '2/13/08 00:00:00', '4/27/08 00:00:00');
INSERT INTO measurement (measurement_id, person_id, measurement_concept_id, measurement_datetime, measurement_type_concept_id, value_as_number, unit_concept_id) values (170009, 1514, 3016723, '2/13/08 00:00:00', 45754907, 45, 8795);
INSERT INTO person (person_id, gender_concept_id, year_of_birth, month_of_birth, day_of_birth, race_concept_id, ethnicity_concept_id, location_id) values (1515, 8532, 1985, 1, 1, 8527, 38003564, 321);
INSERT INTO f_person (person_id) values (1515);
INSERT INTO drug_era (drug_era_id, person_id, drug_concept_id, drug_era_start_date, drug_era_end_date) values (70044, 1515, 1343916, '2/13/08', '4/27/08');
INSERT INTO drug_era (drug_era_id, person_id, drug_concept_id, drug_era_start_date, drug_era_end_date) values (70045, 1515, 19063575, '2/13/08', '4/27/08');
INSERT INTO visit_occurrence (visit_occurrence_id, person_id, visit_concept_id, visit_start_date, visit_end_date, visit_type_concept_id, provider_id, care_site_id) values (150020, 1515, 9201, '2/13/08', '4/27/08', 44818517, 23492, 11905);
INSERT INTO drug_exposure (drug_exposure_id, person_id, drug_concept_id, drug_exposure_start_date, drug_exposure_end_date, drug_type_concept_id, quantity, days_supply, sig, route_concept_id, drug_exposure_start_datetime, drug_exposure_end_datetime) values (160044, 1515, 19076899, '2/13/08', '4/27/08', 38000175, 1, 1, '4 times daily', null, '2/13/08 00:00:00', '4/27/08 00:00:00');
INSERT INTO drug_exposure (drug_exposure_id, person_id, drug_concept_id, drug_exposure_start_date, drug_exposure_end_date, drug_type_concept_id, quantity, days_supply, sig, route_concept_id, drug_exposure_start_datetime, drug_exposure_end_datetime) values (160045, 1515, 40182878, '2/13/08', '4/27/08', 38000175, 60, 30, 'Daily', null, '2/13/08 00:00:00', '4/27/08 00:00:00');
INSERT INTO person (person_id, gender_concept_id, year_of_birth, month_of_birth, day_of_birth, race_concept_id, ethnicity_concept_id, location_id) values (1516, 8532, 1951, 1, 1, 8527, 38003564, 321);
INSERT INTO f_person (person_id) values (1516);
INSERT INTO drug_era (drug_era_id, person_id, drug_concept_id, drug_era_start_date, drug_era_end_date) values (70046, 1516, 1343916, '2/13/08', '4/27/08');
INSERT INTO drug_era (drug_era_id, person_id, drug_concept_id, drug_era_start_date, drug_era_end_date) values (70047, 1516, 1307046, '2/13/08', '4/27/08');
INSERT INTO visit_occurrence (visit_occurrence_id, person_id, visit_concept_id, visit_start_date, visit_end_date, visit_type_concept_id, provider_id, care_site_id) values (150021, 1516, 9201, '2/13/08', '4/27/08', 44818517, 23492, 11905);
INSERT INTO drug_exposure (drug_exposure_id, person_id, drug_concept_id, drug_exposure_start_date, drug_exposure_end_date, drug_type_concept_id, quantity, days_supply, sig, route_concept_id, drug_exposure_start_datetime, drug_exposure_end_datetime) values (160046, 1516, 19076899, '2/13/08', '4/27/08', 38000175, 1, 1, '4 times daily', null, '2/13/08 00:00:00', '4/27/08 00:00:00');
INSERT INTO drug_exposure (drug_exposure_id, person_id, drug_concept_id, drug_exposure_start_date, drug_exposure_end_date, drug_type_concept_id, quantity, days_supply, sig, route_concept_id, drug_exposure_start_datetime, drug_exposure_end_datetime) values (160047, 1516, 46221724, '2/13/08', '4/27/08', 38000175, 60, 30, '2 times daily', null, '2/13/08 00:00:00', '4/27/08 00:00:00');
INSERT INTO person (person_id, gender_concept_id, year_of_birth, month_of_birth, day_of_birth, race_concept_id, ethnicity_concept_id, location_id) values (1517, 8532, 1970, 1, 1, 8527, 38003564, 321);
INSERT INTO f_person (person_id) values (1517);
INSERT INTO drug_era (drug_era_id, person_id, drug_concept_id, drug_era_start_date, drug_era_end_date) values (70048, 1517, 1343916, '2/13/08', '4/27/08');
INSERT INTO drug_era (drug_era_id, person_id, drug_concept_id, drug_era_start_date, drug_era_end_date) values (70049, 1517, 1307046, '2/13/08', '4/27/08');
INSERT INTO drug_era (drug_era_id, person_id, drug_concept_id, drug_era_start_date, drug_era_end_date) values (70050, 1517, 755695, '2/13/08', '4/27/08');
INSERT INTO visit_occurrence (visit_occurrence_id, person_id, visit_concept_id, visit_start_date, visit_end_date, visit_type_concept_id, provider_id, care_site_id) values (150022, 1517, 9201, '2/13/08', '4/27/08', 44818517, 23492, 11905);
INSERT INTO drug_exposure (drug_exposure_id, person_id, drug_concept_id, drug_exposure_start_date, drug_exposure_end_date, drug_type_concept_id, quantity, days_supply, sig, route_concept_id, drug_exposure_start_datetime, drug_exposure_end_datetime) values (160048, 1517, 19076899, '2/14/08', '4/27/08', 38000175, 1, 1, '4 times daily', null, '2/14/08 00:00:00', '4/27/08 00:00:00');
INSERT INTO drug_exposure (drug_exposure_id, person_id, drug_concept_id, drug_exposure_start_date, drug_exposure_end_date, drug_type_concept_id, quantity, days_supply, sig, route_concept_id, drug_exposure_start_datetime, drug_exposure_end_datetime) values (160049, 1517, 46221724, '2/13/08', '4/27/08', 38000175, 30, 30, '3 times daily', null, '2/13/08 00:00:00', '4/27/08 00:00:00');
INSERT INTO drug_exposure (drug_exposure_id, person_id, drug_concept_id, drug_exposure_start_date, drug_exposure_end_date, drug_type_concept_id, quantity, days_supply, sig, route_concept_id, drug_exposure_start_datetime, drug_exposure_end_datetime) values (160050, 1517, 755700, '2/13/08', '4/27/08', 38000175, 30, 30, '4 times daily', null, '2/13/08 00:00:00', '4/27/08 00:00:00');
INSERT INTO person (person_id, gender_concept_id, year_of_birth, month_of_birth, day_of_birth, race_concept_id, ethnicity_concept_id, location_id) values (1518, 8532, 1954, 1, 1, 8527, 38003564, 321);
INSERT INTO f_person (person_id) values (1518);
INSERT INTO drug_era (drug_era_id, person_id, drug_concept_id, drug_era_start_date, drug_era_end_date) values (70051, 1518, 1343916, '2/13/08', '4/27/08');
INSERT INTO drug_era (drug_era_id, person_id, drug_concept_id, drug_era_start_date, drug_era_end_date) values (70052, 1518, 1314577, '2/13/08', '4/27/08');
INSERT INTO visit_occurrence (visit_occurrence_id, person_id, visit_concept_id, visit_start_date, visit_end_date, visit_type_concept_id, provider_id, care_site_id) values (150023, 1518, 9201, '2/13/08', '4/27/08', 44818517, 23492, 11905);
INSERT INTO drug_exposure (drug_exposure_id, person_id, drug_concept_id, drug_exposure_start_date, drug_exposure_end_date, drug_type_concept_id, quantity, days_supply, sig, route_concept_id, drug_exposure_start_datetime, drug_exposure_end_datetime) values (160051, 1518, 19076899, '2/14/08', '4/27/08', 38000175, 1, 1, '4 times daily', null, '2/14/08 00:00:00', '4/27/08 00:00:00');
INSERT INTO drug_exposure (drug_exposure_id, person_id, drug_concept_id, drug_exposure_start_date, drug_exposure_end_date, drug_type_concept_id, quantity, days_supply, sig, route_concept_id, drug_exposure_start_datetime, drug_exposure_end_datetime) values (160052, 1518, 1314581, '2/13/08', '4/27/08', 38000175, 60, 30, '2 times daily', null, '2/13/08 00:00:00', '4/27/08 00:00:00');
INSERT INTO person (person_id, gender_concept_id, year_of_birth, month_of_birth, day_of_birth, race_concept_id, ethnicity_concept_id, location_id) values (1519, 8532, 1969, 1, 1, 8527, 38003564, 321);
INSERT INTO f_person (person_id) values (1519);
INSERT INTO drug_era (drug_era_id, person_id, drug_concept_id, drug_era_start_date, drug_era_end_date) values (70053, 1519, 1343916, '2/13/08', '4/27/08');
INSERT INTO drug_era (drug_era_id, person_id, drug_concept_id, drug_era_start_date, drug_era_end_date) values (70054, 1519, 1314577, '2/13/08', '4/27/08');
INSERT INTO drug_era (drug_era_id, person_id, drug_concept_id, drug_era_start_date, drug_era_end_date) values (70055, 1519, 755695, '2/13/08', '4/27/08');
INSERT INTO visit_occurrence (visit_occurrence_id, person_id, visit_concept_id, visit_start_date, visit_end_date, visit_type_concept_id, provider_id, care_site_id) values (150024, 1519, 9201, '2/13/08', '4/27/08', 44818517, 23492, 11905);
INSERT INTO drug_exposure (drug_exposure_id, person_id, drug_concept_id, drug_exposure_start_date, drug_exposure_end_date, drug_type_concept_id, quantity, days_supply, sig, route_concept_id, drug_exposure_start_datetime, drug_exposure_end_datetime) values (160053, 1519, 19076899, '2/14/08', '4/27/08', 38000175, 1, 1, '4 times daily', null, '2/14/08 00:00:00', '4/27/08 00:00:00');
INSERT INTO drug_exposure (drug_exposure_id, person_id, drug_concept_id, drug_exposure_start_date, drug_exposure_end_date, drug_type_concept_id, quantity, days_supply, sig, route_concept_id, drug_exposure_start_datetime, drug_exposure_end_datetime) values (160054, 1519, 19101573, '2/13/08', '4/27/08', 38000175, 30, 30, '4 times daily', null, '2/13/08 00:00:00', '4/27/08 00:00:00');
INSERT INTO drug_exposure (drug_exposure_id, person_id, drug_concept_id, drug_exposure_start_date, drug_exposure_end_date, drug_type_concept_id, quantity, days_supply, sig, route_concept_id, drug_exposure_start_datetime, drug_exposure_end_datetime) values (160055, 1519, 755700, '2/13/08', '4/27/08', 38000175, 30, 30, '2 times daily', null, '2/13/08 00:00:00', '4/27/08 00:00:00');
INSERT INTO person (person_id, gender_concept_id, year_of_birth, month_of_birth, day_of_birth, race_concept_id, ethnicity_concept_id, location_id) values (1520, 8532, 1958, 1, 1, 8527, 38003564, 321);
INSERT INTO f_person (person_id) values (1520);
INSERT INTO drug_era (drug_era_id, person_id, drug_concept_id, drug_era_start_date, drug_era_end_date) values (70056, 1520, 1343916, '2/13/08', '4/27/08');
INSERT INTO drug_era (drug_era_id, person_id, drug_concept_id, drug_era_start_date, drug_era_end_date) values (70057, 1520, 902427, '2/13/08', '4/27/08');
INSERT INTO drug_era (drug_era_id, person_id, drug_concept_id, drug_era_start_date, drug_era_end_date) values (70058, 1520, 755695, '2/13/08', '4/27/08');
INSERT INTO visit_occurrence (visit_occurrence_id, person_id, visit_concept_id, visit_start_date, visit_end_date, visit_type_concept_id, provider_id, care_site_id) values (150025, 1520, 9201, '2/13/08', '4/27/08', 44818517, 23492, 11905);
INSERT INTO drug_exposure (drug_exposure_id, person_id, drug_concept_id, drug_exposure_start_date, drug_exposure_end_date, drug_type_concept_id, quantity, days_supply, sig, route_concept_id, drug_exposure_start_datetime, drug_exposure_end_datetime) values (160056, 1520, 19076899, '2/14/08', '4/27/08', 38000175, 1, 1, '4 times daily', null, '2/14/08 00:00:00', '4/27/08 00:00:00');
INSERT INTO drug_exposure (drug_exposure_id, person_id, drug_concept_id, drug_exposure_start_date, drug_exposure_end_date, drug_type_concept_id, quantity, days_supply, sig, route_concept_id, drug_exposure_start_datetime, drug_exposure_end_datetime) values (160057, 1520, 902429, '2/13/08', '4/27/08', 38000175, 60, 30, 'Daily', 4184451, '2/13/08 00:00:00', '4/27/08 00:00:00');
INSERT INTO drug_exposure (drug_exposure_id, person_id, drug_concept_id, drug_exposure_start_date, drug_exposure_end_date, drug_type_concept_id, quantity, days_supply, sig, route_concept_id, drug_exposure_start_datetime, drug_exposure_end_datetime) values (160058, 1520, 755700, '2/13/08', '4/27/08', 38000175, 30, 30, '3 times daily', null, '2/13/08 00:00:00', '4/27/08 00:00:00');
INSERT INTO person (person_id, gender_concept_id, year_of_birth, month_of_birth, day_of_birth, race_concept_id, ethnicity_concept_id, location_id) values (1521, 8532, 1972, 1, 1, 8527, 38003564, 321);
INSERT INTO f_person (person_id) values (1521);
INSERT INTO drug_era (drug_era_id, person_id, drug_concept_id, drug_era_start_date, drug_era_end_date) values (70059, 1521, 1343916, '2/13/08', '4/27/08');
INSERT INTO drug_era (drug_era_id, person_id, drug_concept_id, drug_era_start_date, drug_era_end_date) values (70060, 1521, 902427, '2/13/08', '4/27/08');
INSERT INTO visit_occurrence (visit_occurrence_id, person_id, visit_concept_id, visit_start_date, visit_end_date, visit_type_concept_id, provider_id, care_site_id) values (150026, 1521, 9201, '2/13/08', '4/27/08', 44818517, 23492, 11905);
INSERT INTO drug_exposure (drug_exposure_id, person_id, drug_concept_id, drug_exposure_start_date, drug_exposure_end_date, drug_type_concept_id, quantity, days_supply, sig, route_concept_id, drug_exposure_start_datetime, drug_exposure_end_datetime) values (160059, 1521, 19076899, '2/13/08', '4/27/08', 38000175, 1, 1, '4 times daily', null, '2/13/08 00:00:00', '4/27/08 00:00:00');
INSERT INTO drug_exposure (drug_exposure_id, person_id, drug_concept_id, drug_exposure_start_date, drug_exposure_end_date, drug_type_concept_id, quantity, days_supply, sig, route_concept_id, drug_exposure_start_datetime, drug_exposure_end_datetime) values (160060, 1521, 902429, '2/13/08', '4/27/08', 38000175, 120, 30, 'Daily', 4184451, '2/13/08 00:00:00', '4/27/08 00:00:00');
INSERT INTO person (person_id, gender_concept_id, year_of_birth, month_of_birth, day_of_birth, race_concept_id, ethnicity_concept_id, location_id) values (1522, 8532, 1958, 1, 1, 8527, 38003564, 321);
INSERT INTO f_person (person_id) values (1522);
INSERT INTO drug_era (drug_era_id, person_id, drug_concept_id, drug_era_start_date, drug_era_end_date) values (70061, 1522, 19010482, '2/13/08', '4/27/08');
INSERT INTO drug_era (drug_era_id, person_id, drug_concept_id, drug_era_start_date, drug_era_end_date) values (70062, 1522, 985708, '2/13/08', '4/27/08');
INSERT INTO visit_occurrence (visit_occurrence_id, person_id, visit_concept_id, visit_start_date, visit_end_date, visit_type_concept_id, provider_id, care_site_id) values (150027, 1522, 9201, '2/13/08', '4/27/08', 44818517, 23492, 11905);
INSERT INTO drug_exposure (drug_exposure_id, person_id, drug_concept_id, drug_exposure_start_date, drug_exposure_end_date, drug_type_concept_id, quantity, days_supply, sig, route_concept_id, drug_exposure_start_datetime, drug_exposure_end_datetime) values (160061, 1522, 19082899, '2/13/08', '4/27/08', 38000175, 30, 30, '4 times daily', null, '2/13/08 00:00:00', '4/27/08 00:00:00');
INSERT INTO drug_exposure (drug_exposure_id, person_id, drug_concept_id, drug_exposure_start_date, drug_exposure_end_date, drug_type_concept_id, quantity, days_supply, sig, route_concept_id, drug_exposure_start_datetime, drug_exposure_end_datetime) values (160062, 1522, 985711, '2/13/08', '4/27/08', 38000175, 10, 10, '3 times daily', null, '2/13/08 00:00:00', '4/27/08 00:00:00');
INSERT INTO person (person_id, gender_concept_id, year_of_birth, month_of_birth, day_of_birth, race_concept_id, ethnicity_concept_id, location_id) values (1523, 8532, 1951, 1, 1, 8527, 38003564, 321);
INSERT INTO f_person (person_id) values (1523);
INSERT INTO drug_era (drug_era_id, person_id, drug_concept_id, drug_era_start_date, drug_era_end_date) values (70063, 1523, 19010482, '2/13/08', '4/27/08');
INSERT INTO drug_era (drug_era_id, person_id, drug_concept_id, drug_era_start_date, drug_era_end_date) values (70064, 1523, 1754994, '2/13/08', '4/27/08');
INSERT INTO visit_occurrence (visit_occurrence_id, person_id, visit_concept_id, visit_start_date, visit_end_date, visit_type_concept_id, provider_id, care_site_id) values (150028, 1523, 9201, '2/13/08', '4/27/08', 44818517, 23492, 11905);
INSERT INTO drug_exposure (drug_exposure_id, person_id, drug_concept_id, drug_exposure_start_date, drug_exposure_end_date, drug_type_concept_id, quantity, days_supply, sig, route_concept_id, drug_exposure_start_datetime, drug_exposure_end_datetime) values (160063, 1523, 19082899, '2/13/08', '4/27/08', 38000175, 30, 30, '2 times daily', null, '2/13/08 00:00:00', '4/27/08 00:00:00');
INSERT INTO drug_exposure (drug_exposure_id, person_id, drug_concept_id, drug_exposure_start_date, drug_exposure_end_date, drug_type_concept_id, quantity, days_supply, sig, route_concept_id, drug_exposure_start_datetime, drug_exposure_end_datetime) values (160064, 1523, 1754995, '2/13/08', '4/27/08', 38000175, 20, 10, '3 times daily', null, '2/13/08 00:00:00', '4/27/08 00:00:00');
INSERT INTO person (person_id, gender_concept_id, year_of_birth, month_of_birth, day_of_birth, race_concept_id, ethnicity_concept_id, location_id) values (1524, 8532, 1973, 1, 1, 8527, 38003564, 321);
INSERT INTO f_person (person_id) values (1524);
INSERT INTO drug_era (drug_era_id, person_id, drug_concept_id, drug_era_start_date, drug_era_end_date) values (70065, 1524, 19010482, '2/13/08', '4/27/08');
INSERT INTO drug_era (drug_era_id, person_id, drug_concept_id, drug_era_start_date, drug_era_end_date) values (70066, 1524, 1754994, '2/13/08', '4/27/08');
INSERT INTO visit_occurrence (visit_occurrence_id, person_id, visit_concept_id, visit_start_date, visit_end_date, visit_type_concept_id, provider_id, care_site_id) values (150029, 1524, 9201, '2/13/08', '4/27/08', 44818517, 23492, 11905);
INSERT INTO drug_exposure (drug_exposure_id, person_id, drug_concept_id, drug_exposure_start_date, drug_exposure_end_date, drug_type_concept_id, quantity, days_supply, sig, route_concept_id, drug_exposure_start_datetime, drug_exposure_end_datetime) values (160065, 1524, 19082899, '2/13/08', '4/27/08', 38000175, 30, 30, '2 times daily', null, '2/13/08 00:00:00', '4/27/08 00:00:00');
INSERT INTO drug_exposure (drug_exposure_id, person_id, drug_concept_id, drug_exposure_start_date, drug_exposure_end_date, drug_type_concept_id, quantity, days_supply, sig, route_concept_id, drug_exposure_start_datetime, drug_exposure_end_datetime) values (160066, 1524, 19124598, '2/13/08', '4/27/08', 38000175, 20, 10, '3 times daily', null, '2/13/08 00:00:00', '4/27/08 00:00:00');
INSERT INTO person (person_id, gender_concept_id, year_of_birth, month_of_birth, day_of_birth, race_concept_id, ethnicity_concept_id, location_id) values (1525, 8532, 1940, 1, 1, 8527, 38003564, 321);
INSERT INTO f_person (person_id) values (1525);
INSERT INTO drug_era (drug_era_id, person_id, drug_concept_id, drug_era_start_date, drug_era_end_date) values (70067, 1525, 1310149, '2/13/08', '4/27/08');
INSERT INTO drug_era (drug_era_id, person_id, drug_concept_id, drug_era_start_date, drug_era_end_date) values (70068, 1525, 715939, '2/13/08', '4/27/08');
INSERT INTO visit_occurrence (visit_occurrence_id, person_id, visit_concept_id, visit_start_date, visit_end_date, visit_type_concept_id, provider_id, care_site_id) values (150030, 1525, 9201, '2/13/08', '4/27/08', 44818517, 23492, 11905);
INSERT INTO drug_exposure (drug_exposure_id, person_id, drug_concept_id, drug_exposure_start_date, drug_exposure_end_date, drug_type_concept_id, quantity, days_supply, sig, route_concept_id, drug_exposure_start_datetime, drug_exposure_end_datetime) values (160067, 1525, 40163518, '2/13/08', '4/27/08', 38000175, 30, 30, '3 times daily', null, '2/13/08 00:00:00', '4/27/08 00:00:00');
INSERT INTO drug_exposure (drug_exposure_id, person_id, drug_concept_id, drug_exposure_start_date, drug_exposure_end_date, drug_type_concept_id, quantity, days_supply, sig, route_concept_id, drug_exposure_start_datetime, drug_exposure_end_datetime) values (160068, 1525, 19098166, '2/13/08', '4/27/08', 38000175, 30, 30, '3 times daily', null, '2/13/08 00:00:00', '4/27/08 00:00:00');
INSERT INTO person (person_id, gender_concept_id, year_of_birth, month_of_birth, day_of_birth, race_concept_id, ethnicity_concept_id, location_id) values (1526, 8532, 1975, 1, 1, 8527, 38003564, 321);
INSERT INTO f_person (person_id) values (1526);
INSERT INTO drug_era (drug_era_id, person_id, drug_concept_id, drug_era_start_date, drug_era_end_date) values (70069, 1526, 1310149, '2/13/08', '4/27/08');
INSERT INTO drug_era (drug_era_id, person_id, drug_concept_id, drug_era_start_date, drug_era_end_date) values (70070, 1526, 715939, '2/13/08', '4/27/08');
INSERT INTO drug_era (drug_era_id, person_id, drug_concept_id, drug_era_start_date, drug_era_end_date) values (70071, 1526, 1551099, '2/13/08', '4/27/08');
INSERT INTO visit_occurrence (visit_occurrence_id, person_id, visit_concept_id, visit_start_date, visit_end_date, visit_type_concept_id, provider_id, care_site_id) values (150031, 1526, 9201, '2/13/08', '4/27/08', 44818517, 23492, 11905);
INSERT INTO drug_exposure (drug_exposure_id, person_id, drug_concept_id, drug_exposure_start_date, drug_exposure_end_date, drug_type_concept_id, quantity, days_supply, sig, route_concept_id, drug_exposure_start_datetime, drug_exposure_end_datetime) values (160069, 1526, 40163518, '2/13/08', '4/27/08', 38000175, 30, 30, '4 times daily', null, '2/13/08 00:00:00', '4/27/08 00:00:00');
INSERT INTO drug_exposure (drug_exposure_id, person_id, drug_concept_id, drug_exposure_start_date, drug_exposure_end_date, drug_type_concept_id, quantity, days_supply, sig, route_concept_id, drug_exposure_start_datetime, drug_exposure_end_datetime) values (160070, 1526, 19098166, '2/13/08', '4/27/08', 38000175, 30, 30, '2 times daily', null, '2/13/08 00:00:00', '4/27/08 00:00:00');
INSERT INTO drug_exposure (drug_exposure_id, person_id, drug_concept_id, drug_exposure_start_date, drug_exposure_end_date, drug_type_concept_id, quantity, days_supply, sig, route_concept_id, drug_exposure_start_datetime, drug_exposure_end_datetime) values (160071, 1526, 1551192, '2/13/08', '4/27/08', 38000175, 30, 30, '2 times daily', null, '2/13/08 00:00:00', '4/27/08 00:00:00');
INSERT INTO person (person_id, gender_concept_id, year_of_birth, month_of_birth, day_of_birth, race_concept_id, ethnicity_concept_id, location_id) values (1527, 8532, 1992, 1, 1, 8527, 38003564, 321);
INSERT INTO f_person (person_id) values (1527);
INSERT INTO drug_era (drug_era_id, person_id, drug_concept_id, drug_era_start_date, drug_era_end_date) values (70072, 1527, 1310149, '2/13/08', '4/27/08');
INSERT INTO drug_era (drug_era_id, person_id, drug_concept_id, drug_era_start_date, drug_era_end_date) values (70073, 1527, 715939, '2/13/08', '4/27/08');
INSERT INTO drug_era (drug_era_id, person_id, drug_concept_id, drug_era_start_date, drug_era_end_date) values (70074, 1527, 970250, '2/13/08', '4/27/08');
INSERT INTO drug_era (drug_era_id, person_id, drug_concept_id, drug_era_start_date, drug_era_end_date) values (70075, 1527, 19039926, '2/13/08', '4/27/08');
INSERT INTO visit_occurrence (visit_occurrence_id, person_id, visit_concept_id, visit_start_date, visit_end_date, visit_type_concept_id, provider_id, care_site_id) values (150032, 1527, 9201, '2/13/08', '4/27/08', 44818517, 23492, 11905);
INSERT INTO drug_exposure (drug_exposure_id, person_id, drug_concept_id, drug_exposure_start_date, drug_exposure_end_date, drug_type_concept_id, quantity, days_supply, sig, route_concept_id, drug_exposure_start_datetime, drug_exposure_end_datetime) values (160072, 1527, 40163518, '2/13/08', '4/27/08', 38000175, 30, 30, '4 times daily', null, '2/13/08 00:00:00', '4/27/08 00:00:00');
INSERT INTO drug_exposure (drug_exposure_id, person_id, drug_concept_id, drug_exposure_start_date, drug_exposure_end_date, drug_type_concept_id, quantity, days_supply, sig, route_concept_id, drug_exposure_start_datetime, drug_exposure_end_datetime) values (160073, 1527, 19098166, '2/13/08', '4/27/08', 38000175, 30, 30, '2 times daily', null, '2/13/08 00:00:00', '4/27/08 00:00:00');
INSERT INTO drug_exposure (drug_exposure_id, person_id, drug_concept_id, drug_exposure_start_date, drug_exposure_end_date, drug_type_concept_id, quantity, days_supply, sig, route_concept_id, drug_exposure_start_datetime, drug_exposure_end_datetime) values (160074, 1527, 970282, '2/13/08', '4/27/08', 38000175, 30, 30, '4 times daily', null, '2/13/08 00:00:00', '4/27/08 00:00:00');
INSERT INTO drug_exposure (drug_exposure_id, person_id, drug_concept_id, drug_exposure_start_date, drug_exposure_end_date, drug_type_concept_id, quantity, days_supply, sig, route_concept_id, drug_exposure_start_datetime, drug_exposure_end_datetime) values (160075, 1527, 19133802, '2/13/08', '4/27/08', 38000175, 30, 30, '2 times daily', null, '2/13/08 00:00:00', '4/27/08 00:00:00');
INSERT INTO person (person_id, gender_concept_id, year_of_birth, month_of_birth, day_of_birth, race_concept_id, ethnicity_concept_id, location_id) values (1528, 8532, 1990, 1, 1, 8527, 38003564, 321);
INSERT INTO f_person (person_id) values (1528);
INSERT INTO drug_era (drug_era_id, person_id, drug_concept_id, drug_era_start_date, drug_era_end_date) values (70076, 1528, 1310149, '2/13/08', '4/27/08');
INSERT INTO drug_era (drug_era_id, person_id, drug_concept_id, drug_era_start_date, drug_era_end_date) values (70077, 1528, 715939, '2/13/08', '4/27/08');
INSERT INTO condition_era (condition_era_id, person_id, condition_concept_id, condition_era_start_date, condition_era_end_date) values (140001, 1528, 4046500, '2/13/08', '4/27/08');
INSERT INTO condition_occurrence (condition_occurrence_id, person_id, condition_concept_id, condition_start_date, condition_end_date, condition_type_concept_id) values (140001, 1528, 4046500, '2/13/08', '4/27/08', 32020);
INSERT INTO visit_occurrence (visit_occurrence_id, person_id, visit_concept_id, visit_start_date, visit_end_date, visit_type_concept_id, provider_id, care_site_id) values (150033, 1528, 9201, '2/13/08', '4/27/08', 44818517, 23492, 11905);
INSERT INTO drug_exposure (drug_exposure_id, person_id, drug_concept_id, drug_exposure_start_date, drug_exposure_end_date, drug_type_concept_id, quantity, days_supply, sig, route_concept_id, drug_exposure_start_datetime, drug_exposure_end_datetime) values (160076, 1528, 40163518, '2/13/08', '4/27/08', 38000175, 30, 30, '4 times daily', null, '2/13/08 00:00:00', '4/27/08 00:00:00');
INSERT INTO drug_exposure (drug_exposure_id, person_id, drug_concept_id, drug_exposure_start_date, drug_exposure_end_date, drug_type_concept_id, quantity, days_supply, sig, route_concept_id, drug_exposure_start_datetime, drug_exposure_end_datetime) values (160077, 1528, 19098166, '2/13/08', '4/27/08', 38000175, 30, 30, '4 times daily', null, '2/13/08 00:00:00', '4/27/08 00:00:00');
INSERT INTO person (person_id, gender_concept_id, year_of_birth, month_of_birth, day_of_birth, race_concept_id, ethnicity_concept_id, location_id) values (1529, 8532, 1980, 1, 1, 8527, 38003564, 321);
INSERT INTO f_person (person_id) values (1529);
INSERT INTO drug_era (drug_era_id, person_id, drug_concept_id, drug_era_start_date, drug_era_end_date) values (70078, 1529, 1310149, '2/13/08', '4/27/08');
INSERT INTO drug_era (drug_era_id, person_id, drug_concept_id, drug_era_start_date, drug_era_end_date) values (70079, 1529, 715939, '2/13/08', '4/27/08');
INSERT INTO visit_occurrence (visit_occurrence_id, person_id, visit_concept_id, visit_start_date, visit_end_date, visit_type_concept_id, provider_id, care_site_id) values (150034, 1529, 9201, '2/13/08', '4/27/08', 44818517, 23492, 11905);
INSERT INTO drug_exposure (drug_exposure_id, person_id, drug_concept_id, drug_exposure_start_date, drug_exposure_end_date, drug_type_concept_id, quantity, days_supply, sig, route_concept_id, drug_exposure_start_datetime, drug_exposure_end_datetime) values (160078, 1529, 40163518, '2/13/08', '4/27/08', 38000175, 30, 30, '2 times daily', null, '2/13/08 00:00:00', '4/27/08 00:00:00');
INSERT INTO drug_exposure (drug_exposure_id, person_id, drug_concept_id, drug_exposure_start_date, drug_exposure_end_date, drug_type_concept_id, quantity, days_supply, sig, route_concept_id, drug_exposure_start_datetime, drug_exposure_end_datetime) values (160079, 1529, 19098166, '2/13/08', '4/27/08', 38000175, 30, 30, '2 times daily', null, '2/13/08 00:00:00', '4/27/08 00:00:00');
INSERT INTO person (person_id, gender_concept_id, year_of_birth, month_of_birth, day_of_birth, race_concept_id, ethnicity_concept_id, location_id) values (1530, 8532, 1955, 1, 1, 8527, 38003564, 321);
INSERT INTO f_person (person_id) values (1530);
INSERT INTO drug_era (drug_era_id, person_id, drug_concept_id, drug_era_start_date, drug_era_end_date) values (70080, 1530, 1754994, '2/13/08', '4/27/08');
INSERT INTO drug_era (drug_era_id, person_id, drug_concept_id, drug_era_start_date, drug_era_end_date) values (70081, 1530, 1124957, '2/13/08', '4/27/08');
INSERT INTO visit_occurrence (visit_occurrence_id, person_id, visit_concept_id, visit_start_date, visit_end_date, visit_type_concept_id, provider_id, care_site_id) values (150035, 1530, 9201, '2/13/08', '4/27/08', 44818517, 23492, 11905);
INSERT INTO drug_exposure (drug_exposure_id, person_id, drug_concept_id, drug_exposure_start_date, drug_exposure_end_date, drug_type_concept_id, quantity, days_supply, sig, route_concept_id, drug_exposure_start_datetime, drug_exposure_end_datetime) values (160080, 1530, 19019004, '2/13/08', '4/27/08', 38000175, 60, 30, 'Daily', null, '2/13/08 00:00:00', '4/27/08 00:00:00');
INSERT INTO drug_exposure (drug_exposure_id, person_id, drug_concept_id, drug_exposure_start_date, drug_exposure_end_date, drug_type_concept_id, quantity, days_supply, sig, route_concept_id, drug_exposure_start_datetime, drug_exposure_end_datetime) values (160081, 1530, 40232717, '2/13/08', '4/27/08', 38000175, 120, 30, 'Daily', null, '2/13/08 00:00:00', '4/27/08 00:00:00');
INSERT INTO person (person_id, gender_concept_id, year_of_birth, month_of_birth, day_of_birth, race_concept_id, ethnicity_concept_id, location_id) values (1531, 8532, 1954, 1, 1, 8527, 38003564, 321);
INSERT INTO f_person (person_id) values (1531);
INSERT INTO drug_era (drug_era_id, person_id, drug_concept_id, drug_era_start_date, drug_era_end_date) values (70082, 1531, 906780, '2/13/08', '4/27/08');
INSERT INTO drug_era (drug_era_id, person_id, drug_concept_id, drug_era_start_date, drug_era_end_date) values (70083, 1531, 757688, '2/13/08', '4/27/08');
INSERT INTO visit_occurrence (visit_occurrence_id, person_id, visit_concept_id, visit_start_date, visit_end_date, visit_type_concept_id, provider_id, care_site_id) values (150036, 1531, 9201, '2/13/08', '4/27/08', 44818517, 23492, 11905);
INSERT INTO drug_exposure (drug_exposure_id, person_id, drug_concept_id, drug_exposure_start_date, drug_exposure_end_date, drug_type_concept_id, quantity, days_supply, sig, route_concept_id, drug_exposure_start_datetime, drug_exposure_end_datetime) values (160082, 1531, 906891, '2/13/08', '4/27/08', 38000175, 30, 30, '4 times daily', null, '2/13/08 00:00:00', '4/27/08 00:00:00');
INSERT INTO drug_exposure (drug_exposure_id, person_id, drug_concept_id, drug_exposure_start_date, drug_exposure_end_date, drug_type_concept_id, quantity, days_supply, sig, route_concept_id, drug_exposure_start_datetime, drug_exposure_end_datetime) values (160083, 1531, 757712, '2/13/08', '4/27/08', 38000175, 30, 30, '2 times daily', null, '2/13/08 00:00:00', '4/27/08 00:00:00');
INSERT INTO person (person_id, gender_concept_id, year_of_birth, month_of_birth, day_of_birth, race_concept_id, ethnicity_concept_id, location_id) values (1532, 8532, 1967, 1, 1, 8527, 38003564, 321);
INSERT INTO f_person (person_id) values (1532);
INSERT INTO drug_era (drug_era_id, person_id, drug_concept_id, drug_era_start_date, drug_era_end_date) values (70084, 1532, 906780, '2/13/08', '4/27/08');
INSERT INTO drug_era (drug_era_id, person_id, drug_concept_id, drug_era_start_date, drug_era_end_date) values (70085, 1532, 766814, '2/13/08', '4/27/08');
INSERT INTO drug_era (drug_era_id, person_id, drug_concept_id, drug_era_start_date, drug_era_end_date) values (70086, 1532, 715997, '2/13/08', '4/27/08');
INSERT INTO visit_occurrence (visit_occurrence_id, person_id, visit_concept_id, visit_start_date, visit_end_date, visit_type_concept_id, provider_id, care_site_id) values (150037, 1532, 9201, '2/13/08', '4/27/08', 44818517, 23492, 11905);
INSERT INTO drug_exposure (drug_exposure_id, person_id, drug_concept_id, drug_exposure_start_date, drug_exposure_end_date, drug_type_concept_id, quantity, days_supply, sig, route_concept_id, drug_exposure_start_datetime, drug_exposure_end_datetime) values (160084, 1532, 906891, '2/13/08', '4/27/08', 38000175, 30, 30, '4 times daily', null, '2/13/08 00:00:00', '4/27/08 00:00:00');
INSERT INTO drug_exposure (drug_exposure_id, person_id, drug_concept_id, drug_exposure_start_date, drug_exposure_end_date, drug_type_concept_id, quantity, days_supply, sig, route_concept_id, drug_exposure_start_datetime, drug_exposure_end_datetime) values (160085, 1532, 766842, '2/13/08', '4/27/08', 38000175, 30, 30, '4 times daily', null, '2/13/08 00:00:00', '4/27/08 00:00:00');
INSERT INTO drug_exposure (drug_exposure_id, person_id, drug_concept_id, drug_exposure_start_date, drug_exposure_end_date, drug_type_concept_id, quantity, days_supply, sig, route_concept_id, drug_exposure_start_datetime, drug_exposure_end_datetime) values (160086, 1532, 40223768, '2/13/08', '4/27/08', 38000175, 30, 30, '2 times daily', null, '2/13/08 00:00:00', '4/27/08 00:00:00');
INSERT INTO person (person_id, gender_concept_id, year_of_birth, month_of_birth, day_of_birth, race_concept_id, ethnicity_concept_id, location_id) values (1533, 8532, 1945, 1, 1, 8527, 38003564, 321);
INSERT INTO f_person (person_id) values (1533);
INSERT INTO drug_era (drug_era_id, person_id, drug_concept_id, drug_era_start_date, drug_era_end_date) values (70087, 1533, 1343916, '2/13/08', '4/27/08');
INSERT INTO drug_era (drug_era_id, person_id, drug_concept_id, drug_era_start_date, drug_era_end_date) values (70088, 1533, 902427, '2/13/08', '4/27/08');
INSERT INTO condition_era (condition_era_id, person_id, condition_concept_id, condition_era_start_date, condition_era_end_date) values (140002, 1533, 4309669, '2/13/08', '4/27/08');
INSERT INTO condition_occurrence (condition_occurrence_id, person_id, condition_concept_id, condition_start_date, condition_end_date, condition_type_concept_id) values (140002, 1533, 4309669, '2/13/08', '4/27/08', 32020);
INSERT INTO visit_occurrence (visit_occurrence_id, person_id, visit_concept_id, visit_start_date, visit_end_date, visit_type_concept_id, provider_id, care_site_id) values (150038, 1533, 9201, '2/13/08', '4/27/08', 44818517, 23492, 11905);
INSERT INTO drug_exposure (drug_exposure_id, person_id, drug_concept_id, drug_exposure_start_date, drug_exposure_end_date, drug_type_concept_id, quantity, days_supply, sig, route_concept_id, drug_exposure_start_datetime, drug_exposure_end_datetime) values (160087, 1533, 19076899, '2/14/08', '4/27/08', 38000175, 1, 1, '4 times daily', null, '2/14/08 00:00:00', '4/27/08 00:00:00');
INSERT INTO drug_exposure (drug_exposure_id, person_id, drug_concept_id, drug_exposure_start_date, drug_exposure_end_date, drug_type_concept_id, quantity, days_supply, sig, route_concept_id, drug_exposure_start_datetime, drug_exposure_end_datetime) values (160088, 1533, 902429, '2/13/08', '4/27/08', 38000175, 120, 30, 'Daily', 4184451, '2/13/08 00:00:00', '4/27/08 00:00:00');
INSERT INTO person (person_id, gender_concept_id, year_of_birth, month_of_birth, day_of_birth, race_concept_id, ethnicity_concept_id, location_id) values (1534, 8532, 1945, 1, 1, 8527, 38003564, 321);
INSERT INTO f_person (person_id) values (1534);
INSERT INTO drug_era (drug_era_id, person_id, drug_concept_id, drug_era_start_date, drug_era_end_date) values (70089, 1534, 1343916, '2/13/08', '4/27/08');
INSERT INTO drug_era (drug_era_id, person_id, drug_concept_id, drug_era_start_date, drug_era_end_date) values (70090, 1534, 1307046, '2/13/08', '4/27/08');
INSERT INTO condition_era (condition_era_id, person_id, condition_concept_id, condition_era_start_date, condition_era_end_date) values (140003, 1534, 4309669, '2/13/08', '4/27/08');
INSERT INTO condition_occurrence (condition_occurrence_id, person_id, condition_concept_id, condition_start_date, condition_end_date, condition_type_concept_id) values (140003, 1534, 4309669, '2/13/08', '4/27/08', 32020);
INSERT INTO visit_occurrence (visit_occurrence_id, person_id, visit_concept_id, visit_start_date, visit_end_date, visit_type_concept_id, provider_id, care_site_id) values (150039, 1534, 9201, '2/13/08', '4/27/08', 44818517, 23492, 11905);
INSERT INTO drug_exposure (drug_exposure_id, person_id, drug_concept_id, drug_exposure_start_date, drug_exposure_end_date, drug_type_concept_id, quantity, days_supply, sig, route_concept_id, drug_exposure_start_datetime, drug_exposure_end_datetime) values (160089, 1534, 19127146, '2/14/08', '4/27/08', 38000175, 3, 1, '3 times daily', null, '2/14/08 00:00:00', '4/27/08 00:00:00');
INSERT INTO drug_exposure (drug_exposure_id, person_id, drug_concept_id, drug_exposure_start_date, drug_exposure_end_date, drug_type_concept_id, quantity, days_supply, sig, route_concept_id, drug_exposure_start_datetime, drug_exposure_end_datetime) values (160090, 1534, 46221724, '2/13/08', '4/27/08', 38000175, 60, 30, '2 times daily', null, '2/13/08 00:00:00', '4/27/08 00:00:00');
INSERT INTO person (person_id, gender_concept_id, year_of_birth, month_of_birth, day_of_birth, race_concept_id, ethnicity_concept_id, location_id) values (1535, 8532, 1945, 1, 1, 8527, 38003564, 321);
INSERT INTO f_person (person_id) values (1535);
INSERT INTO drug_era (drug_era_id, person_id, drug_concept_id, drug_era_start_date, drug_era_end_date) values (70091, 1535, 1343916, '2/13/08', '4/27/08');
INSERT INTO drug_era (drug_era_id, person_id, drug_concept_id, drug_era_start_date, drug_era_end_date) values (70092, 1535, 1314577, '2/13/08', '4/27/08');
INSERT INTO condition_era (condition_era_id, person_id, condition_concept_id, condition_era_start_date, condition_era_end_date) values (140004, 1535, 4309669, '2/13/08', '4/27/08');
INSERT INTO condition_occurrence (condition_occurrence_id, person_id, condition_concept_id, condition_start_date, condition_end_date, condition_type_concept_id) values (140004, 1535, 4309669, '2/13/08', '4/27/08', 32020);
INSERT INTO visit_occurrence (visit_occurrence_id, person_id, visit_concept_id, visit_start_date, visit_end_date, visit_type_concept_id, provider_id, care_site_id) values (150040, 1535, 9201, '2/13/08', '4/27/08', 44818517, 23492, 11905);
INSERT INTO drug_exposure (drug_exposure_id, person_id, drug_concept_id, drug_exposure_start_date, drug_exposure_end_date, drug_type_concept_id, quantity, days_supply, sig, route_concept_id, drug_exposure_start_datetime, drug_exposure_end_datetime) values (160091, 1535, 19076899, '2/14/08', '4/27/08', 38000175, 1, 1, '4 times daily', null, '2/14/08 00:00:00', '4/27/08 00:00:00');
INSERT INTO drug_exposure (drug_exposure_id, person_id, drug_concept_id, drug_exposure_start_date, drug_exposure_end_date, drug_type_concept_id, quantity, days_supply, sig, route_concept_id, drug_exposure_start_datetime, drug_exposure_end_datetime) values (160092, 1535, 1314581, '2/13/08', '4/27/08', 38000175, 60, 30, 'Daily', null, '2/13/08 00:00:00', '4/27/08 00:00:00');
INSERT INTO person (person_id, gender_concept_id, year_of_birth, month_of_birth, day_of_birth, race_concept_id, ethnicity_concept_id, location_id) values (1536, 8532, 2008, 3, 10, 8527, 38003564, 321);
INSERT INTO f_person (person_id) values (1536);
INSERT INTO drug_era (drug_era_id, person_id, drug_concept_id, drug_era_start_date, drug_era_end_date) values (70093, 1536, 1777806, '2/13/08', '4/27/08');
INSERT INTO drug_era (drug_era_id, person_id, drug_concept_id, drug_era_start_date, drug_era_end_date) values (70094, 1536, 19037038, '2/13/08', '4/27/08');
INSERT INTO visit_occurrence (visit_occurrence_id, person_id, visit_concept_id, visit_start_date, visit_end_date, visit_type_concept_id, provider_id, care_site_id) values (150041, 1536, 9201, '2/13/08', '4/27/08', 44818517, 23492, 11905);
INSERT INTO drug_exposure (drug_exposure_id, person_id, drug_concept_id, drug_exposure_start_date, drug_exposure_end_date, drug_type_concept_id, quantity, days_supply, sig, route_concept_id, drug_exposure_start_datetime, drug_exposure_end_datetime) values (160093, 1536, 46287321, '2/13/08', '4/27/08', 38000175, 1, 1, '4 times daily', null, '2/13/08 00:00:00', '4/27/08 00:00:00');
INSERT INTO drug_exposure (drug_exposure_id, person_id, drug_concept_id, drug_exposure_start_date, drug_exposure_end_date, drug_type_concept_id, quantity, days_supply, sig, route_concept_id, drug_exposure_start_datetime, drug_exposure_end_datetime) values (160094, 1536, 42709020, '2/13/08', '4/27/08', 38000175, 1, 1, '4 times daily', null, '2/13/08 00:00:00', '4/27/08 00:00:00');
INSERT INTO person (person_id, gender_concept_id, year_of_birth, month_of_birth, day_of_birth, race_concept_id, ethnicity_concept_id, location_id) values (1537, 8532, 2007, 11, 15, 8527, 38003564, 321);
INSERT INTO f_person (person_id) values (1537);
INSERT INTO drug_era (drug_era_id, person_id, drug_concept_id, drug_era_start_date, drug_era_end_date) values (70095, 1537, 1777806, '2/13/08', '4/27/08');
INSERT INTO drug_era (drug_era_id, person_id, drug_concept_id, drug_era_start_date, drug_era_end_date) values (70096, 1537, 19036781, '2/13/08', '4/27/08');
INSERT INTO visit_occurrence (visit_occurrence_id, person_id, visit_concept_id, visit_start_date, visit_end_date, visit_type_concept_id, provider_id, care_site_id) values (150042, 1537, 9201, '2/13/08', '4/27/08', 44818517, 23492, 11905);
INSERT INTO drug_exposure (drug_exposure_id, person_id, drug_concept_id, drug_exposure_start_date, drug_exposure_end_date, drug_type_concept_id, quantity, days_supply, sig, route_concept_id, drug_exposure_start_datetime, drug_exposure_end_datetime) values (160095, 1537, 46287321, '2/13/08', '4/27/08', 38000175, 1, 1, '4 times daily', null, '2/13/08 00:00:00', '4/27/08 00:00:00');
INSERT INTO drug_exposure (drug_exposure_id, person_id, drug_concept_id, drug_exposure_start_date, drug_exposure_end_date, drug_type_concept_id, quantity, days_supply, sig, route_concept_id, drug_exposure_start_datetime, drug_exposure_end_datetime) values (160096, 1537, 42800573, '2/13/08', '4/27/08', 38000175, 1, 1, '4 times daily', null, '2/13/08 00:00:00', '4/27/08 00:00:00');
INSERT INTO person (person_id, gender_concept_id, year_of_birth, month_of_birth, day_of_birth, race_concept_id, ethnicity_concept_id, location_id) values (1538, 8532, 1955, 1, 1, 8527, 38003564, 321);
INSERT INTO f_person (person_id) values (1538);
INSERT INTO drug_era (drug_era_id, person_id, drug_concept_id, drug_era_start_date, drug_era_end_date) values (70097, 1538, 1310149, '2/13/08', '4/27/08');
INSERT INTO drug_era (drug_era_id, person_id, drug_concept_id, drug_era_start_date, drug_era_end_date) values (70098, 1538, 1112807, '2/13/08', '4/27/08');
INSERT INTO visit_occurrence (visit_occurrence_id, person_id, visit_concept_id, visit_start_date, visit_end_date, visit_type_concept_id, provider_id, care_site_id) values (150043, 1538, 9201, '2/13/08', '4/27/08', 44818517, 23492, 11905);
INSERT INTO drug_exposure (drug_exposure_id, person_id, drug_concept_id, drug_exposure_start_date, drug_exposure_end_date, drug_type_concept_id, quantity, days_supply, sig, route_concept_id, drug_exposure_start_datetime, drug_exposure_end_datetime) values (160097, 1538, 40163518, '2/13/08', '4/27/08', 38000175, 30, 30, '2 times daily', null, '2/13/08 00:00:00', '4/27/08 00:00:00');
INSERT INTO drug_exposure (drug_exposure_id, person_id, drug_concept_id, drug_exposure_start_date, drug_exposure_end_date, drug_type_concept_id, quantity, days_supply, sig, route_concept_id, drug_exposure_start_datetime, drug_exposure_end_datetime) values (160098, 1538, 1112896, '2/13/08', '4/27/08', 38000175, 210, 30, 'Daily', null, '2/13/08 00:00:00', '4/27/08 00:00:00');
INSERT INTO person (person_id, gender_concept_id, year_of_birth, month_of_birth, day_of_birth, race_concept_id, ethnicity_concept_id, location_id) values (1539, 8532, 1953, 1, 1, 8527, 38003564, 321);
INSERT INTO f_person (person_id) values (1539);
INSERT INTO drug_era (drug_era_id, person_id, drug_concept_id, drug_era_start_date, drug_era_end_date) values (70099, 1539, 1310149, '2/13/08', '4/27/08');
INSERT INTO drug_era (drug_era_id, person_id, drug_concept_id, drug_era_start_date, drug_era_end_date) values (70100, 1539, 1112807, '2/13/08', '4/27/08');
INSERT INTO visit_occurrence (visit_occurrence_id, person_id, visit_concept_id, visit_start_date, visit_end_date, visit_type_concept_id, provider_id, care_site_id) values (150044, 1539, 9201, '2/13/08', '4/27/08', 44818517, 23492, 11905);
INSERT INTO drug_exposure (drug_exposure_id, person_id, drug_concept_id, drug_exposure_start_date, drug_exposure_end_date, drug_type_concept_id, quantity, days_supply, sig, route_concept_id, drug_exposure_start_datetime, drug_exposure_end_datetime) values (160099, 1539, 40163518, '2/13/08', '4/27/08', 38000175, 30, 30, '3 times daily', null, '2/13/08 00:00:00', '4/27/08 00:00:00');
INSERT INTO drug_exposure (drug_exposure_id, person_id, drug_concept_id, drug_exposure_start_date, drug_exposure_end_date, drug_type_concept_id, quantity, days_supply, sig, route_concept_id, drug_exposure_start_datetime, drug_exposure_end_datetime) values (160100, 1539, 1112896, '2/13/08', '4/27/08', 38000175, 60, 30, '2 times daily', null, '2/13/08 00:00:00', '4/27/08 00:00:00');
INSERT INTO person (person_id, gender_concept_id, year_of_birth, month_of_birth, day_of_birth, race_concept_id, ethnicity_concept_id, location_id) values (1540, 8532, 1952, 1, 1, 8527, 38003564, 321);
INSERT INTO f_person (person_id) values (1540);
INSERT INTO drug_era (drug_era_id, person_id, drug_concept_id, drug_era_start_date, drug_era_end_date) values (70101, 1540, 1310149, '2/13/08', '4/27/08');
INSERT INTO drug_era (drug_era_id, person_id, drug_concept_id, drug_era_start_date, drug_era_end_date) values (70102, 1540, 1137460, '2/13/08', '4/27/08');
INSERT INTO visit_occurrence (visit_occurrence_id, person_id, visit_concept_id, visit_start_date, visit_end_date, visit_type_concept_id, provider_id, care_site_id) values (150045, 1540, 9201, '2/13/08', '4/27/08', 44818517, 23492, 11905);
INSERT INTO drug_exposure (drug_exposure_id, person_id, drug_concept_id, drug_exposure_start_date, drug_exposure_end_date, drug_type_concept_id, quantity, days_supply, sig, route_concept_id, drug_exposure_start_datetime, drug_exposure_end_datetime) values (160101, 1540, 40163518, '2/13/08', '4/27/08', 38000175, 30, 30, '2 times daily', null, '2/13/08 00:00:00', '4/27/08 00:00:00');
INSERT INTO drug_exposure (drug_exposure_id, person_id, drug_concept_id, drug_exposure_start_date, drug_exposure_end_date, drug_type_concept_id, quantity, days_supply, sig, route_concept_id, drug_exposure_start_datetime, drug_exposure_end_datetime) values (160102, 1540, 19121933, '2/13/08', '4/27/08', 38000175, 60, 30, '2 times daily', null, '2/13/08 00:00:00', '4/27/08 00:00:00');
INSERT INTO person (person_id, gender_concept_id, year_of_birth, month_of_birth, day_of_birth, race_concept_id, ethnicity_concept_id, location_id) values (1541, 8532, 1957, 1, 1, 8527, 38003564, 321);
INSERT INTO f_person (person_id) values (1541);
INSERT INTO drug_era (drug_era_id, person_id, drug_concept_id, drug_era_start_date, drug_era_end_date) values (70103, 1541, 1310149, '2/13/08', '4/27/08');
INSERT INTO drug_era (drug_era_id, person_id, drug_concept_id, drug_era_start_date, drug_era_end_date) values (70104, 1541, 1137460, '2/13/08', '4/27/08');
INSERT INTO visit_occurrence (visit_occurrence_id, person_id, visit_concept_id, visit_start_date, visit_end_date, visit_type_concept_id, provider_id, care_site_id) values (150046, 1541, 9201, '2/13/08', '4/27/08', 44818517, 23492, 11905);
INSERT INTO drug_exposure (drug_exposure_id, person_id, drug_concept_id, drug_exposure_start_date, drug_exposure_end_date, drug_type_concept_id, quantity, days_supply, sig, route_concept_id, drug_exposure_start_datetime, drug_exposure_end_datetime) values (160103, 1541, 40163518, '2/13/08', '4/27/08', 38000175, 30, 30, '4 times daily', null, '2/13/08 00:00:00', '4/27/08 00:00:00');
INSERT INTO drug_exposure (drug_exposure_id, person_id, drug_concept_id, drug_exposure_start_date, drug_exposure_end_date, drug_type_concept_id, quantity, days_supply, sig, route_concept_id, drug_exposure_start_datetime, drug_exposure_end_datetime) values (160104, 1541, 19121933, '2/13/08', '4/27/08', 38000175, 150, 30, 'Daily', null, '2/13/08 00:00:00', '4/27/08 00:00:00');
INSERT INTO person (person_id, gender_concept_id, year_of_birth, month_of_birth, day_of_birth, race_concept_id, ethnicity_concept_id, location_id) values (1542, 8532, 1958, 1, 1, 8527, 38003564, 321);
INSERT INTO f_person (person_id) values (1542);
INSERT INTO drug_era (drug_era_id, person_id, drug_concept_id, drug_era_start_date, drug_era_end_date) values (70105, 1542, 1310149, '2/13/08', '4/27/08');
INSERT INTO drug_era (drug_era_id, person_id, drug_concept_id, drug_era_start_date, drug_era_end_date) values (70106, 1542, 937791, '2/13/08', '4/27/08');
INSERT INTO visit_occurrence (visit_occurrence_id, person_id, visit_concept_id, visit_start_date, visit_end_date, visit_type_concept_id, provider_id, care_site_id) values (150047, 1542, 9201, '2/13/08', '4/27/08', 44818517, 23492, 11905);
INSERT INTO drug_exposure (drug_exposure_id, person_id, drug_concept_id, drug_exposure_start_date, drug_exposure_end_date, drug_type_concept_id, quantity, days_supply, sig, route_concept_id, drug_exposure_start_datetime, drug_exposure_end_datetime) values (160105, 1542, 40163518, '2/13/08', '4/27/08', 38000175, 30, 30, '2 times daily', null, '2/13/08 00:00:00', '4/27/08 00:00:00');
INSERT INTO drug_exposure (drug_exposure_id, person_id, drug_concept_id, drug_exposure_start_date, drug_exposure_end_date, drug_type_concept_id, quantity, days_supply, sig, route_concept_id, drug_exposure_start_datetime, drug_exposure_end_datetime) values (160106, 1542, 19074271, '2/13/08', '4/27/08', 38000175, 900, 30, 'Daily', null, '2/13/08 00:00:00', '4/27/08 00:00:00');
INSERT INTO person (person_id, gender_concept_id, year_of_birth, month_of_birth, day_of_birth, race_concept_id, ethnicity_concept_id, location_id) values (1543, 8532, 1943, 1, 1, 8527, 38003564, 321);
INSERT INTO f_person (person_id) values (1543);
INSERT INTO drug_era (drug_era_id, person_id, drug_concept_id, drug_era_start_date, drug_era_end_date) values (70107, 1543, 1310149, '2/13/08', '4/27/08');
INSERT INTO drug_era (drug_era_id, person_id, drug_concept_id, drug_era_start_date, drug_era_end_date) values (70108, 1543, 937791, '2/13/08', '4/27/08');
INSERT INTO visit_occurrence (visit_occurrence_id, person_id, visit_concept_id, visit_start_date, visit_end_date, visit_type_concept_id, provider_id, care_site_id) values (150048, 1543, 9201, '2/13/08', '4/27/08', 44818517, 23492, 11905);
INSERT INTO drug_exposure (drug_exposure_id, person_id, drug_concept_id, drug_exposure_start_date, drug_exposure_end_date, drug_type_concept_id, quantity, days_supply, sig, route_concept_id, drug_exposure_start_datetime, drug_exposure_end_datetime) values (160107, 1543, 40163518, '2/13/08', '4/27/08', 38000175, 30, 30, '4 times daily', null, '2/13/08 00:00:00', '4/27/08 00:00:00');
INSERT INTO drug_exposure (drug_exposure_id, person_id, drug_concept_id, drug_exposure_start_date, drug_exposure_end_date, drug_type_concept_id, quantity, days_supply, sig, route_concept_id, drug_exposure_start_datetime, drug_exposure_end_datetime) values (160108, 1543, 19074250, '2/13/08', '4/27/08', 38000175, 60, 30, 'Daily', null, '2/13/08 00:00:00', '4/27/08 00:00:00');
INSERT INTO person (person_id, gender_concept_id, year_of_birth, month_of_birth, day_of_birth, race_concept_id, ethnicity_concept_id, location_id) values (1544, 8532, 1950, 1, 1, 8527, 38003564, 321);
INSERT INTO f_person (person_id) values (1544);
INSERT INTO drug_era (drug_era_id, person_id, drug_concept_id, drug_era_start_date, drug_era_end_date) values (70109, 1544, 19049105, '2/13/08', '4/27/08');
INSERT INTO drug_era (drug_era_id, person_id, drug_concept_id, drug_era_start_date, drug_era_end_date) values (70110, 1544, 970250, '2/13/08', '4/27/08');
INSERT INTO visit_occurrence (visit_occurrence_id, person_id, visit_concept_id, visit_start_date, visit_end_date, visit_type_concept_id, provider_id, care_site_id) values (150049, 1544, 9201, '2/13/08', '4/27/08', 44818517, 23492, 11905);
INSERT INTO drug_exposure (drug_exposure_id, person_id, drug_concept_id, drug_exposure_start_date, drug_exposure_end_date, drug_type_concept_id, quantity, days_supply, sig, route_concept_id, drug_exposure_start_datetime, drug_exposure_end_datetime) values (160109, 1544, 19049371, '2/13/08', '4/27/08', 38000175, 30, 30, '3 times daily', null, '2/13/08 00:00:00', '4/27/08 00:00:00');
INSERT INTO drug_exposure (drug_exposure_id, person_id, drug_concept_id, drug_exposure_start_date, drug_exposure_end_date, drug_type_concept_id, quantity, days_supply, sig, route_concept_id, drug_exposure_start_datetime, drug_exposure_end_datetime) values (160110, 1544, 19106647, '2/13/08', '4/27/08', 38000175, 30, 30, '2 times daily', null, '2/13/08 00:00:00', '4/27/08 00:00:00');
INSERT INTO measurement (measurement_id, person_id, measurement_concept_id, measurement_datetime, measurement_type_concept_id, value_as_number, unit_concept_id) values (170010, 1544, 3023103, '2/13/08 00:00:00', 45754907, 4.2, 9557);
INSERT INTO person (person_id, gender_concept_id, year_of_birth, month_of_birth, day_of_birth, race_concept_id, ethnicity_concept_id, location_id) values (1545, 8532, 1950, 1, 1, 8527, 38003564, 321);
INSERT INTO f_person (person_id) values (1545);
INSERT INTO drug_era (drug_era_id, person_id, drug_concept_id, drug_era_start_date, drug_era_end_date) values (70111, 1545, 1398937, '2/13/08', '4/27/08');
INSERT INTO drug_era (drug_era_id, person_id, drug_concept_id, drug_era_start_date, drug_era_end_date) values (70112, 1545, 1322081, '2/13/08', '4/27/08');
INSERT INTO visit_occurrence (visit_occurrence_id, person_id, visit_concept_id, visit_start_date, visit_end_date, visit_type_concept_id, provider_id, care_site_id) values (150050, 1545, 9201, '2/13/08', '4/27/08', 44818517, 23492, 11905);
INSERT INTO drug_exposure (drug_exposure_id, person_id, drug_concept_id, drug_exposure_start_date, drug_exposure_end_date, drug_type_concept_id, quantity, days_supply, sig, route_concept_id, drug_exposure_start_datetime, drug_exposure_end_datetime) values (160111, 1545, 40168673, '2/13/08', '4/27/08', 38000175, 1, 1, '4 times daily', null, '2/13/08 00:00:00', '4/27/08 00:00:00');
INSERT INTO drug_exposure (drug_exposure_id, person_id, drug_concept_id, drug_exposure_start_date, drug_exposure_end_date, drug_type_concept_id, quantity, days_supply, sig, route_concept_id, drug_exposure_start_datetime, drug_exposure_end_datetime) values (160112, 1545, 42800549, '2/13/08', '4/27/08', 38000175, 60, 30, 'Daily', null, '2/13/08 00:00:00', '4/27/08 00:00:00');
INSERT INTO person (person_id, gender_concept_id, year_of_birth, month_of_birth, day_of_birth, race_concept_id, ethnicity_concept_id, location_id) values (1546, 8532, 1958, 1, 1, 8527, 38003564, 321);
INSERT INTO f_person (person_id) values (1546);
INSERT INTO drug_era (drug_era_id, person_id, drug_concept_id, drug_era_start_date, drug_era_end_date) values (70113, 1546, 1398937, '2/13/08', '4/27/08');
INSERT INTO drug_era (drug_era_id, person_id, drug_concept_id, drug_era_start_date, drug_era_end_date) values (70114, 1546, 902427, '2/13/08', '4/27/08');
INSERT INTO drug_era (drug_era_id, person_id, drug_concept_id, drug_era_start_date, drug_era_end_date) values (70115, 1546, 755695, '2/13/08', '4/27/08');
INSERT INTO visit_occurrence (visit_occurrence_id, person_id, visit_concept_id, visit_start_date, visit_end_date, visit_type_concept_id, provider_id, care_site_id) values (150051, 1546, 9201, '2/13/08', '4/27/08', 44818517, 23492, 11905);
INSERT INTO drug_exposure (drug_exposure_id, person_id, drug_concept_id, drug_exposure_start_date, drug_exposure_end_date, drug_type_concept_id, quantity, days_supply, sig, route_concept_id, drug_exposure_start_datetime, drug_exposure_end_datetime) values (160113, 1546, 40168673, '2/13/08', '4/27/08', 38000175, 1, 1, '4 times daily', null, '2/13/08 00:00:00', '4/27/08 00:00:00');
INSERT INTO drug_exposure (drug_exposure_id, person_id, drug_concept_id, drug_exposure_start_date, drug_exposure_end_date, drug_type_concept_id, quantity, days_supply, sig, route_concept_id, drug_exposure_start_datetime, drug_exposure_end_datetime) values (160114, 1546, 902429, '2/13/08', '4/27/08', 38000175, 60, 30, 'Daily', 4184451, '2/13/08 00:00:00', '4/27/08 00:00:00');
INSERT INTO drug_exposure (drug_exposure_id, person_id, drug_concept_id, drug_exposure_start_date, drug_exposure_end_date, drug_type_concept_id, quantity, days_supply, sig, route_concept_id, drug_exposure_start_datetime, drug_exposure_end_datetime) values (160115, 1546, 755700, '2/13/08', '4/27/08', 38000175, 30, 30, '3 times daily', null, '2/13/08 00:00:00', '4/27/08 00:00:00');
INSERT INTO person (person_id, gender_concept_id, year_of_birth, month_of_birth, day_of_birth, race_concept_id, ethnicity_concept_id, location_id) values (1547, 8532, 1972, 1, 1, 8527, 38003564, 321);
INSERT INTO f_person (person_id) values (1547);
INSERT INTO drug_era (drug_era_id, person_id, drug_concept_id, drug_era_start_date, drug_era_end_date) values (70116, 1547, 1398937, '2/13/08', '4/27/08');
INSERT INTO drug_era (drug_era_id, person_id, drug_concept_id, drug_era_start_date, drug_era_end_date) values (70117, 1547, 902427, '2/13/08', '4/27/08');
INSERT INTO visit_occurrence (visit_occurrence_id, person_id, visit_concept_id, visit_start_date, visit_end_date, visit_type_concept_id, provider_id, care_site_id) values (150052, 1547, 9201, '2/13/08', '4/27/08', 44818517, 23492, 11905);
INSERT INTO drug_exposure (drug_exposure_id, person_id, drug_concept_id, drug_exposure_start_date, drug_exposure_end_date, drug_type_concept_id, quantity, days_supply, sig, route_concept_id, drug_exposure_start_datetime, drug_exposure_end_datetime) values (160116, 1547, 40168673, '2/13/08', '4/27/08', 38000175, 1, 1, '4 times daily', null, '2/13/08 00:00:00', '4/27/08 00:00:00');
INSERT INTO drug_exposure (drug_exposure_id, person_id, drug_concept_id, drug_exposure_start_date, drug_exposure_end_date, drug_type_concept_id, quantity, days_supply, sig, route_concept_id, drug_exposure_start_datetime, drug_exposure_end_datetime) values (160117, 1547, 902429, '2/13/08', '4/27/08', 38000175, 120, 30, 'Daily', 4184451, '2/13/08 00:00:00', '4/27/08 00:00:00');
INSERT INTO person (person_id, gender_concept_id, year_of_birth, month_of_birth, day_of_birth, race_concept_id, ethnicity_concept_id, location_id) values (1548, 8532, 1945, 1, 1, 8527, 38003564, 321);
INSERT INTO f_person (person_id) values (1548);
INSERT INTO drug_era (drug_era_id, person_id, drug_concept_id, drug_era_start_date, drug_era_end_date) values (70118, 1548, 1398937, '2/13/08', '4/27/08');
INSERT INTO drug_era (drug_era_id, person_id, drug_concept_id, drug_era_start_date, drug_era_end_date) values (70119, 1548, 902427, '2/13/08', '4/27/08');
INSERT INTO condition_era (condition_era_id, person_id, condition_concept_id, condition_era_start_date, condition_era_end_date) values (140005, 1548, 4309669, '2/13/08', '4/27/08');
INSERT INTO condition_occurrence (condition_occurrence_id, person_id, condition_concept_id, condition_start_date, condition_end_date, condition_type_concept_id) values (140005, 1548, 4309669, '2/13/08', '4/27/08', 32020);
INSERT INTO visit_occurrence (visit_occurrence_id, person_id, visit_concept_id, visit_start_date, visit_end_date, visit_type_concept_id, provider_id, care_site_id) values (150053, 1548, 9201, '2/13/08', '4/27/08', 44818517, 23492, 11905);
INSERT INTO drug_exposure (drug_exposure_id, person_id, drug_concept_id, drug_exposure_start_date, drug_exposure_end_date, drug_type_concept_id, quantity, days_supply, sig, route_concept_id, drug_exposure_start_datetime, drug_exposure_end_datetime) values (160118, 1548, 40168673, '2/13/08', '4/27/08', 38000175, 1, 1, '4 times daily', null, '2/13/08 00:00:00', '4/27/08 00:00:00');
INSERT INTO drug_exposure (drug_exposure_id, person_id, drug_concept_id, drug_exposure_start_date, drug_exposure_end_date, drug_type_concept_id, quantity, days_supply, sig, route_concept_id, drug_exposure_start_datetime, drug_exposure_end_datetime) values (160119, 1548, 902429, '2/13/08', '4/27/08', 38000175, 120, 30, 'Daily', 4184451, '2/13/08 00:00:00', '4/27/08 00:00:00');
INSERT INTO person (person_id, gender_concept_id, year_of_birth, month_of_birth, day_of_birth, race_concept_id, ethnicity_concept_id, location_id) values (1549, 8532, 1951, 1, 1, 8527, 38003564, 321);
INSERT INTO f_person (person_id) values (1549);
INSERT INTO drug_era (drug_era_id, person_id, drug_concept_id, drug_era_start_date, drug_era_end_date) values (70120, 1549, 1398937, '2/13/08', '4/27/08');
INSERT INTO drug_era (drug_era_id, person_id, drug_concept_id, drug_era_start_date, drug_era_end_date) values (70121, 1549, 1307046, '2/13/08', '4/27/08');
INSERT INTO visit_occurrence (visit_occurrence_id, person_id, visit_concept_id, visit_start_date, visit_end_date, visit_type_concept_id, provider_id, care_site_id) values (150054, 1549, 9201, '2/13/08', '4/27/08', 44818517, 23492, 11905);
INSERT INTO drug_exposure (drug_exposure_id, person_id, drug_concept_id, drug_exposure_start_date, drug_exposure_end_date, drug_type_concept_id, quantity, days_supply, sig, route_concept_id, drug_exposure_start_datetime, drug_exposure_end_datetime) values (160120, 1549, 40168673, '2/13/08', '4/27/08', 38000175, 1, 1, '4 times daily', null, '2/13/08 00:00:00', '4/27/08 00:00:00');
INSERT INTO drug_exposure (drug_exposure_id, person_id, drug_concept_id, drug_exposure_start_date, drug_exposure_end_date, drug_type_concept_id, quantity, days_supply, sig, route_concept_id, drug_exposure_start_datetime, drug_exposure_end_datetime) values (160121, 1549, 46221724, '2/13/08', '4/27/08', 38000175, 60, 30, '2 times daily', null, '2/13/08 00:00:00', '4/27/08 00:00:00');
INSERT INTO person (person_id, gender_concept_id, year_of_birth, month_of_birth, day_of_birth, race_concept_id, ethnicity_concept_id, location_id) values (1550, 8532, 1970, 1, 1, 8527, 38003564, 321);
INSERT INTO f_person (person_id) values (1550);
INSERT INTO drug_era (drug_era_id, person_id, drug_concept_id, drug_era_start_date, drug_era_end_date) values (70122, 1550, 1398937, '2/13/08', '4/27/08');
INSERT INTO drug_era (drug_era_id, person_id, drug_concept_id, drug_era_start_date, drug_era_end_date) values (70123, 1550, 1307046, '2/14/08', '4/27/08');
INSERT INTO drug_era (drug_era_id, person_id, drug_concept_id, drug_era_start_date, drug_era_end_date) values (70124, 1550, 755695, '2/13/08', '4/27/08');
INSERT INTO visit_occurrence (visit_occurrence_id, person_id, visit_concept_id, visit_start_date, visit_end_date, visit_type_concept_id, provider_id, care_site_id) values (150055, 1550, 9201, '2/13/08', '4/27/08', 44818517, 23492, 11905);
INSERT INTO drug_exposure (drug_exposure_id, person_id, drug_concept_id, drug_exposure_start_date, drug_exposure_end_date, drug_type_concept_id, quantity, days_supply, sig, route_concept_id, drug_exposure_start_datetime, drug_exposure_end_datetime) values (160122, 1550, 40168673, '2/13/08', '4/27/08', 38000175, 1, 1, '4 times daily', null, '2/13/08 00:00:00', '4/27/08 00:00:00');
INSERT INTO drug_exposure (drug_exposure_id, person_id, drug_concept_id, drug_exposure_start_date, drug_exposure_end_date, drug_type_concept_id, quantity, days_supply, sig, route_concept_id, drug_exposure_start_datetime, drug_exposure_end_datetime) values (160123, 1550, 46221724, '2/14/08', '4/27/08', 38000175, 30, 30, '4 times daily', null, '2/14/08 00:00:00', '4/27/08 00:00:00');
INSERT INTO drug_exposure (drug_exposure_id, person_id, drug_concept_id, drug_exposure_start_date, drug_exposure_end_date, drug_type_concept_id, quantity, days_supply, sig, route_concept_id, drug_exposure_start_datetime, drug_exposure_end_datetime) values (160124, 1550, 755700, '2/13/08', '4/27/08', 38000175, 30, 30, '4 times daily', null, '2/13/08 00:00:00', '4/27/08 00:00:00');
INSERT INTO person (person_id, gender_concept_id, year_of_birth, month_of_birth, day_of_birth, race_concept_id, ethnicity_concept_id, location_id) values (1551, 8532, 1945, 1, 1, 8527, 38003564, 321);
INSERT INTO f_person (person_id) values (1551);
INSERT INTO drug_era (drug_era_id, person_id, drug_concept_id, drug_era_start_date, drug_era_end_date) values (70125, 1551, 1398937, '2/13/08', '4/27/08');
INSERT INTO drug_era (drug_era_id, person_id, drug_concept_id, drug_era_start_date, drug_era_end_date) values (70126, 1551, 1307046, '2/13/08', '4/27/08');
INSERT INTO condition_era (condition_era_id, person_id, condition_concept_id, condition_era_start_date, condition_era_end_date) values (140006, 1551, 4309669, '2/13/08', '4/27/08');
INSERT INTO condition_occurrence (condition_occurrence_id, person_id, condition_concept_id, condition_start_date, condition_end_date, condition_type_concept_id) values (140006, 1551, 4309669, '2/13/08', '4/27/08', 32020);
INSERT INTO visit_occurrence (visit_occurrence_id, person_id, visit_concept_id, visit_start_date, visit_end_date, visit_type_concept_id, provider_id, care_site_id) values (150056, 1551, 9201, '2/13/08', '4/27/08', 44818517, 23492, 11905);
INSERT INTO drug_exposure (drug_exposure_id, person_id, drug_concept_id, drug_exposure_start_date, drug_exposure_end_date, drug_type_concept_id, quantity, days_supply, sig, route_concept_id, drug_exposure_start_datetime, drug_exposure_end_datetime) values (160125, 1551, 40168673, '2/13/08', '4/27/08', 38000175, 1, 1, '4 times daily', null, '2/13/08 00:00:00', '4/27/08 00:00:00');
INSERT INTO drug_exposure (drug_exposure_id, person_id, drug_concept_id, drug_exposure_start_date, drug_exposure_end_date, drug_type_concept_id, quantity, days_supply, sig, route_concept_id, drug_exposure_start_datetime, drug_exposure_end_datetime) values (160126, 1551, 46221724, '2/13/08', '4/27/08', 38000175, 60, 30, 'Daily', null, '2/13/08 00:00:00', '4/27/08 00:00:00');
INSERT INTO person (person_id, gender_concept_id, year_of_birth, month_of_birth, day_of_birth, race_concept_id, ethnicity_concept_id, location_id) values (1552, 8532, 1954, 1, 1, 8527, 38003564, 321);
INSERT INTO f_person (person_id) values (1552);
INSERT INTO drug_era (drug_era_id, person_id, drug_concept_id, drug_era_start_date, drug_era_end_date) values (70127, 1552, 1398937, '2/13/08', '4/27/08');
INSERT INTO drug_era (drug_era_id, person_id, drug_concept_id, drug_era_start_date, drug_era_end_date) values (70128, 1552, 1314577, '2/13/08', '4/27/08');
INSERT INTO visit_occurrence (visit_occurrence_id, person_id, visit_concept_id, visit_start_date, visit_end_date, visit_type_concept_id, provider_id, care_site_id) values (150057, 1552, 9201, '2/13/08', '4/27/08', 44818517, 23492, 11905);
INSERT INTO drug_exposure (drug_exposure_id, person_id, drug_concept_id, drug_exposure_start_date, drug_exposure_end_date, drug_type_concept_id, quantity, days_supply, sig, route_concept_id, drug_exposure_start_datetime, drug_exposure_end_datetime) values (160127, 1552, 40168673, '2/13/08', '4/27/08', 38000175, 1, 1, '4 times daily', null, '2/13/08 00:00:00', '4/27/08 00:00:00');
INSERT INTO drug_exposure (drug_exposure_id, person_id, drug_concept_id, drug_exposure_start_date, drug_exposure_end_date, drug_type_concept_id, quantity, days_supply, sig, route_concept_id, drug_exposure_start_datetime, drug_exposure_end_datetime) values (160128, 1552, 1314581, '2/13/08', '4/27/08', 38000175, 60, 30, '2 times daily', null, '2/13/08 00:00:00', '4/27/08 00:00:00');
INSERT INTO person (person_id, gender_concept_id, year_of_birth, month_of_birth, day_of_birth, race_concept_id, ethnicity_concept_id, location_id) values (1553, 8532, 1969, 1, 1, 8527, 38003564, 321);
INSERT INTO f_person (person_id) values (1553);
INSERT INTO drug_era (drug_era_id, person_id, drug_concept_id, drug_era_start_date, drug_era_end_date) values (70129, 1553, 1398937, '2/13/08', '4/27/08');
INSERT INTO drug_era (drug_era_id, person_id, drug_concept_id, drug_era_start_date, drug_era_end_date) values (70130, 1553, 1314577, '2/13/08', '4/27/08');
INSERT INTO drug_era (drug_era_id, person_id, drug_concept_id, drug_era_start_date, drug_era_end_date) values (70131, 1553, 755695, '2/13/08', '4/27/08');
INSERT INTO visit_occurrence (visit_occurrence_id, person_id, visit_concept_id, visit_start_date, visit_end_date, visit_type_concept_id, provider_id, care_site_id) values (150058, 1553, 9201, '2/13/08', '4/27/08', 44818517, 23492, 11905);
INSERT INTO drug_exposure (drug_exposure_id, person_id, drug_concept_id, drug_exposure_start_date, drug_exposure_end_date, drug_type_concept_id, quantity, days_supply, sig, route_concept_id, drug_exposure_start_datetime, drug_exposure_end_datetime) values (160129, 1553, 40168673, '2/13/08', '4/27/08', 38000175, 1, 1, '4 times daily', null, '2/13/08 00:00:00', '4/27/08 00:00:00');
INSERT INTO drug_exposure (drug_exposure_id, person_id, drug_concept_id, drug_exposure_start_date, drug_exposure_end_date, drug_type_concept_id, quantity, days_supply, sig, route_concept_id, drug_exposure_start_datetime, drug_exposure_end_datetime) values (160130, 1553, 19101573, '2/13/08', '4/27/08', 38000175, 30, 30, '3 times daily', null, '2/13/08 00:00:00', '4/27/08 00:00:00');
INSERT INTO drug_exposure (drug_exposure_id, person_id, drug_concept_id, drug_exposure_start_date, drug_exposure_end_date, drug_type_concept_id, quantity, days_supply, sig, route_concept_id, drug_exposure_start_datetime, drug_exposure_end_datetime) values (160131, 1553, 755700, '2/13/08', '4/27/08', 38000175, 30, 30, '3 times daily', null, '2/13/08 00:00:00', '4/27/08 00:00:00');
INSERT INTO person (person_id, gender_concept_id, year_of_birth, month_of_birth, day_of_birth, race_concept_id, ethnicity_concept_id, location_id) values (1554, 8532, 1945, 1, 1, 8527, 38003564, 321);
INSERT INTO f_person (person_id) values (1554);
INSERT INTO drug_era (drug_era_id, person_id, drug_concept_id, drug_era_start_date, drug_era_end_date) values (70132, 1554, 1398937, '2/13/08', '4/27/08');
INSERT INTO drug_era (drug_era_id, person_id, drug_concept_id, drug_era_start_date, drug_era_end_date) values (70133, 1554, 1314577, '2/13/08', '4/27/08');
INSERT INTO condition_era (condition_era_id, person_id, condition_concept_id, condition_era_start_date, condition_era_end_date) values (140007, 1554, 4309669, '2/13/08', '4/27/08');
INSERT INTO condition_occurrence (condition_occurrence_id, person_id, condition_concept_id, condition_start_date, condition_end_date, condition_type_concept_id) values (140007, 1554, 4309669, '2/13/08', '4/27/08', 32020);
INSERT INTO visit_occurrence (visit_occurrence_id, person_id, visit_concept_id, visit_start_date, visit_end_date, visit_type_concept_id, provider_id, care_site_id) values (150059, 1554, 9201, '2/13/08', '4/27/08', 44818517, 23492, 11905);
INSERT INTO drug_exposure (drug_exposure_id, person_id, drug_concept_id, drug_exposure_start_date, drug_exposure_end_date, drug_type_concept_id, quantity, days_supply, sig, route_concept_id, drug_exposure_start_datetime, drug_exposure_end_datetime) values (160132, 1554, 40168673, '2/13/08', '4/27/08', 38000175, 1, 1, '4 times daily', null, '2/13/08 00:00:00', '4/27/08 00:00:00');
INSERT INTO drug_exposure (drug_exposure_id, person_id, drug_concept_id, drug_exposure_start_date, drug_exposure_end_date, drug_type_concept_id, quantity, days_supply, sig, route_concept_id, drug_exposure_start_datetime, drug_exposure_end_datetime) values (160133, 1554, 1314581, '2/13/08', '4/27/08', 38000175, 60, 30, '2 times daily', null, '2/13/08 00:00:00', '4/27/08 00:00:00');
INSERT INTO person (person_id, gender_concept_id, year_of_birth, month_of_birth, day_of_birth, race_concept_id, ethnicity_concept_id, location_id) values (1555, 8532, 1960, 1, 1, 8527, 38003564, 321);
INSERT INTO f_person (person_id) values (1555);
INSERT INTO drug_era (drug_era_id, person_id, drug_concept_id, drug_era_start_date, drug_era_end_date) values (70134, 1555, 1398937, '2/13/08', '4/27/08');
INSERT INTO drug_era (drug_era_id, person_id, drug_concept_id, drug_era_start_date, drug_era_end_date) values (70135, 1555, 1314002, '2/13/08', '4/27/08');
INSERT INTO visit_occurrence (visit_occurrence_id, person_id, visit_concept_id, visit_start_date, visit_end_date, visit_type_concept_id, provider_id, care_site_id) values (150060, 1555, 9201, '2/13/08', '4/27/08', 44818517, 23492, 11905);
INSERT INTO drug_exposure (drug_exposure_id, person_id, drug_concept_id, drug_exposure_start_date, drug_exposure_end_date, drug_type_concept_id, quantity, days_supply, sig, route_concept_id, drug_exposure_start_datetime, drug_exposure_end_datetime) values (160134, 1555, 40168673, '2/13/08', '4/27/08', 38000175, 1, 1, '4 times daily', null, '2/13/08 00:00:00', '4/27/08 00:00:00');
INSERT INTO drug_exposure (drug_exposure_id, person_id, drug_concept_id, drug_exposure_start_date, drug_exposure_end_date, drug_type_concept_id, quantity, days_supply, sig, route_concept_id, drug_exposure_start_datetime, drug_exposure_end_datetime) values (160135, 1555, 19018811, '2/13/08', '4/27/08', 38000175, 150, 30, 'Daily', null, '2/13/08 00:00:00', '4/27/08 00:00:00');
INSERT INTO measurement (measurement_id, person_id, measurement_concept_id, measurement_datetime, measurement_type_concept_id, value_as_number, unit_concept_id) values (170011, 1555, 3016723, '2/13/08 00:00:00', 45754907, 45, 8795);
INSERT INTO person (person_id, gender_concept_id, year_of_birth, month_of_birth, day_of_birth, race_concept_id, ethnicity_concept_id, location_id) values (1556, 8532, 1930, 1, 1, 8527, 38003564, 321);
INSERT INTO f_person (person_id) values (1556);
INSERT INTO drug_era (drug_era_id, person_id, drug_concept_id, drug_era_start_date, drug_era_end_date) values (70136, 1556, 1398937, '2/13/08', '4/27/08');
INSERT INTO drug_era (drug_era_id, person_id, drug_concept_id, drug_era_start_date, drug_era_end_date) values (70137, 1556, 1314002, '2/13/08', '4/27/08');
INSERT INTO visit_occurrence (visit_occurrence_id, person_id, visit_concept_id, visit_start_date, visit_end_date, visit_type_concept_id, provider_id, care_site_id) values (150061, 1556, 9201, '2/13/08', '4/27/08', 44818517, 23492, 11905);
INSERT INTO drug_exposure (drug_exposure_id, person_id, drug_concept_id, drug_exposure_start_date, drug_exposure_end_date, drug_type_concept_id, quantity, days_supply, sig, route_concept_id, drug_exposure_start_datetime, drug_exposure_end_datetime) values (160136, 1556, 40168673, '2/13/08', '4/27/08', 38000175, 1, 1, '4 times daily', null, '2/13/08 00:00:00', '4/27/08 00:00:00');
INSERT INTO drug_exposure (drug_exposure_id, person_id, drug_concept_id, drug_exposure_start_date, drug_exposure_end_date, drug_type_concept_id, quantity, days_supply, sig, route_concept_id, drug_exposure_start_datetime, drug_exposure_end_datetime) values (160137, 1556, 19018811, '2/13/08', '4/27/08', 38000175, 120, 30, 'Daily', null, '2/13/08 00:00:00', '4/27/08 00:00:00');
INSERT INTO measurement (measurement_id, person_id, measurement_concept_id, measurement_datetime, measurement_type_concept_id, value_as_number, unit_concept_id) values (170012, 1556, 3016723, '2/13/08 00:00:00', 45754907, 35, 8795);
INSERT INTO person (person_id, gender_concept_id, year_of_birth, month_of_birth, day_of_birth, race_concept_id, ethnicity_concept_id, location_id) values (1557, 8532, 1930, 1, 1, 8527, 38003564, 321);
INSERT INTO f_person (person_id) values (1557);
INSERT INTO drug_era (drug_era_id, person_id, drug_concept_id, drug_era_start_date, drug_era_end_date) values (70138, 1557, 1398937, '2/13/08', '4/27/08');
INSERT INTO drug_era (drug_era_id, person_id, drug_concept_id, drug_era_start_date, drug_era_end_date) values (70139, 1557, 1338005, '2/13/08', '4/27/08');
INSERT INTO visit_occurrence (visit_occurrence_id, person_id, visit_concept_id, visit_start_date, visit_end_date, visit_type_concept_id, provider_id, care_site_id) values (150062, 1557, 9201, '2/13/08', '4/27/08', 44818517, 23492, 11905);
INSERT INTO drug_exposure (drug_exposure_id, person_id, drug_concept_id, drug_exposure_start_date, drug_exposure_end_date, drug_type_concept_id, quantity, days_supply, sig, route_concept_id, drug_exposure_start_datetime, drug_exposure_end_datetime) values (160138, 1557, 40168673, '2/13/08', '4/27/08', 38000175, 1, 1, '4 times daily', null, '2/13/08 00:00:00', '4/27/08 00:00:00');
INSERT INTO drug_exposure (drug_exposure_id, person_id, drug_concept_id, drug_exposure_start_date, drug_exposure_end_date, drug_type_concept_id, quantity, days_supply, sig, route_concept_id, drug_exposure_start_datetime, drug_exposure_end_datetime) values (160139, 1557, 40162867, '2/13/08', '4/27/08', 38000175, 90, 30, 'Daily', null, '2/13/08 00:00:00', '4/27/08 00:00:00');
INSERT INTO measurement (measurement_id, person_id, measurement_concept_id, measurement_datetime, measurement_type_concept_id, value_as_number, unit_concept_id) values (170013, 1557, 3016723, '2/13/08 00:00:00', 45754907, 35, 8795);
INSERT INTO person (person_id, gender_concept_id, year_of_birth, month_of_birth, day_of_birth, race_concept_id, ethnicity_concept_id, location_id) values (1558, 8532, 1930, 1, 1, 8527, 38003564, 321);
INSERT INTO f_person (person_id) values (1558);
INSERT INTO drug_era (drug_era_id, person_id, drug_concept_id, drug_era_start_date, drug_era_end_date) values (70140, 1558, 1398937, '2/13/08', '4/27/08');
INSERT INTO drug_era (drug_era_id, person_id, drug_concept_id, drug_era_start_date, drug_era_end_date) values (70141, 1558, 1338005, '2/13/08', '4/27/08');
INSERT INTO visit_occurrence (visit_occurrence_id, person_id, visit_concept_id, visit_start_date, visit_end_date, visit_type_concept_id, provider_id, care_site_id) values (150063, 1558, 9201, '2/13/08', '4/27/08', 44818517, 23492, 11905);
INSERT INTO drug_exposure (drug_exposure_id, person_id, drug_concept_id, drug_exposure_start_date, drug_exposure_end_date, drug_type_concept_id, quantity, days_supply, sig, route_concept_id, drug_exposure_start_datetime, drug_exposure_end_datetime) values (160140, 1558, 40168673, '2/13/08', '4/27/08', 38000175, 1, 1, '4 times daily', null, '2/13/08 00:00:00', '4/27/08 00:00:00');
INSERT INTO drug_exposure (drug_exposure_id, person_id, drug_concept_id, drug_exposure_start_date, drug_exposure_end_date, drug_type_concept_id, quantity, days_supply, sig, route_concept_id, drug_exposure_start_datetime, drug_exposure_end_datetime) values (160141, 1558, 40162867, '2/13/08', '4/27/08', 38000175, 90, 30, 'Daily', null, '2/13/08 00:00:00', '4/27/08 00:00:00');
INSERT INTO measurement (measurement_id, person_id, measurement_concept_id, measurement_datetime, measurement_type_concept_id, value_as_number, unit_concept_id) values (170014, 1558, 3016723, '2/13/08 00:00:00', 45754907, 45, 8795);
INSERT INTO person (person_id, gender_concept_id, year_of_birth, month_of_birth, day_of_birth, race_concept_id, ethnicity_concept_id, location_id) values (1559, 8532, 1985, 1, 1, 8527, 38003564, 321);
INSERT INTO f_person (person_id) values (1559);
INSERT INTO drug_era (drug_era_id, person_id, drug_concept_id, drug_era_start_date, drug_era_end_date) values (70142, 1559, 1398937, '2/13/08', '4/27/08');
INSERT INTO drug_era (drug_era_id, person_id, drug_concept_id, drug_era_start_date, drug_era_end_date) values (70143, 1559, 19063575, '2/13/08', '4/27/08');
INSERT INTO visit_occurrence (visit_occurrence_id, person_id, visit_concept_id, visit_start_date, visit_end_date, visit_type_concept_id, provider_id, care_site_id) values (150064, 1559, 9201, '2/13/08', '4/27/08', 44818517, 23492, 11905);
INSERT INTO drug_exposure (drug_exposure_id, person_id, drug_concept_id, drug_exposure_start_date, drug_exposure_end_date, drug_type_concept_id, quantity, days_supply, sig, route_concept_id, drug_exposure_start_datetime, drug_exposure_end_datetime) values (160142, 1559, 40168673, '2/13/08', '4/27/08', 38000175, 1, 1, '4 times daily', null, '2/13/08 00:00:00', '4/27/08 00:00:00');
INSERT INTO drug_exposure (drug_exposure_id, person_id, drug_concept_id, drug_exposure_start_date, drug_exposure_end_date, drug_type_concept_id, quantity, days_supply, sig, route_concept_id, drug_exposure_start_datetime, drug_exposure_end_datetime) values (160143, 1559, 40182878, '2/13/08', '4/27/08', 38000175, 60, 30, '2 times daily', null, '2/13/08 00:00:00', '4/27/08 00:00:00');
INSERT INTO person (person_id, gender_concept_id, year_of_birth, month_of_birth, day_of_birth, race_concept_id, ethnicity_concept_id, location_id) values (1560, 8532, 1985, 1, 1, 8527, 38003564, 321);
INSERT INTO f_person (person_id) values (1560);
INSERT INTO drug_era (drug_era_id, person_id, drug_concept_id, drug_era_start_date, drug_era_end_date) values (70144, 1560, 1309944, '2/13/08', '4/27/08');
INSERT INTO drug_era (drug_era_id, person_id, drug_concept_id, drug_era_start_date, drug_era_end_date) values (70145, 1560, 1354860, '2/13/08', '4/27/08');
INSERT INTO visit_occurrence (visit_occurrence_id, person_id, visit_concept_id, visit_start_date, visit_end_date, visit_type_concept_id, provider_id, care_site_id) values (150065, 1560, 9201, '2/13/08', '4/27/08', 44818517, 23492, 11905);
INSERT INTO drug_exposure (drug_exposure_id, person_id, drug_concept_id, drug_exposure_start_date, drug_exposure_end_date, drug_type_concept_id, quantity, days_supply, sig, route_concept_id, drug_exposure_start_datetime, drug_exposure_end_datetime) values (160144, 1560, 1310037, '2/13/08', '4/27/08', 38000175, 30, 30, '2 times daily', null, '2/13/08 00:00:00', '4/27/08 00:00:00');
INSERT INTO drug_exposure (drug_exposure_id, person_id, drug_concept_id, drug_exposure_start_date, drug_exposure_end_date, drug_type_concept_id, quantity, days_supply, sig, route_concept_id, drug_exposure_start_datetime, drug_exposure_end_datetime) values (160145, 1560, 40169046, '2/13/08', '4/27/08', 38000175, 30, 30, '2 times daily', null, '2/13/08 00:00:00', '4/27/08 00:00:00');
INSERT INTO person (person_id, gender_concept_id, year_of_birth, month_of_birth, day_of_birth, race_concept_id, ethnicity_concept_id, location_id) values (1561, 8532, 1985, 1, 1, 8527, 38003564, 321);
INSERT INTO f_person (person_id) values (1561);
INSERT INTO drug_era (drug_era_id, person_id, drug_concept_id, drug_era_start_date, drug_era_end_date) values (70146, 1561, 1309944, '2/13/08', '4/27/08');
INSERT INTO drug_era (drug_era_id, person_id, drug_concept_id, drug_era_start_date, drug_era_end_date) values (70147, 1561, 1000560, '2/13/08', '4/27/08');
INSERT INTO visit_occurrence (visit_occurrence_id, person_id, visit_concept_id, visit_start_date, visit_end_date, visit_type_concept_id, provider_id, care_site_id) values (150066, 1561, 9201, '2/13/08', '4/27/08', 44818517, 23492, 11905);
INSERT INTO drug_exposure (drug_exposure_id, person_id, drug_concept_id, drug_exposure_start_date, drug_exposure_end_date, drug_type_concept_id, quantity, days_supply, sig, route_concept_id, drug_exposure_start_datetime, drug_exposure_end_datetime) values (160146, 1561, 1310037, '2/13/08', '4/27/08', 38000175, 30, 30, '2 times daily', null, '2/13/08 00:00:00', '4/27/08 00:00:00');
INSERT INTO drug_exposure (drug_exposure_id, person_id, drug_concept_id, drug_exposure_start_date, drug_exposure_end_date, drug_type_concept_id, quantity, days_supply, sig, route_concept_id, drug_exposure_start_datetime, drug_exposure_end_datetime) values (160147, 1561, 19019419, '2/13/08', '4/27/08', 38000175, 90, 30, '2 times daily', null, '2/13/08 00:00:00', '4/27/08 00:00:00');
INSERT INTO person (person_id, gender_concept_id, year_of_birth, month_of_birth, day_of_birth, race_concept_id, ethnicity_concept_id, location_id) values (1562, 8532, 1985, 1, 1, 8527, 38003564, 321);
INSERT INTO f_person (person_id) values (1562);
INSERT INTO drug_era (drug_era_id, person_id, drug_concept_id, drug_era_start_date, drug_era_end_date) values (70148, 1562, 1309944, '2/13/08', '4/27/08');
INSERT INTO drug_era (drug_era_id, person_id, drug_concept_id, drug_era_start_date, drug_era_end_date) values (70149, 1562, 1000560, '2/13/08', '4/27/08');
INSERT INTO visit_occurrence (visit_occurrence_id, person_id, visit_concept_id, visit_start_date, visit_end_date, visit_type_concept_id, provider_id, care_site_id) values (150067, 1562, 9201, '2/13/08', '4/27/08', 44818517, 23492, 11905);
INSERT INTO drug_exposure (drug_exposure_id, person_id, drug_concept_id, drug_exposure_start_date, drug_exposure_end_date, drug_type_concept_id, quantity, days_supply, sig, route_concept_id, drug_exposure_start_datetime, drug_exposure_end_datetime) values (160148, 1562, 1310037, '2/13/08', '4/27/08', 38000175, 30, 30, '2 times daily', null, '2/13/08 00:00:00', '4/27/08 00:00:00');
INSERT INTO drug_exposure (drug_exposure_id, person_id, drug_concept_id, drug_exposure_start_date, drug_exposure_end_date, drug_type_concept_id, quantity, days_supply, sig, route_concept_id, drug_exposure_start_datetime, drug_exposure_end_datetime) values (160149, 1562, 19079171, '2/13/08', '4/27/08', 38000175, 90, 30, 'Daily', null, '2/13/08 00:00:00', '4/27/08 00:00:00');
INSERT INTO person (person_id, gender_concept_id, year_of_birth, month_of_birth, day_of_birth, race_concept_id, ethnicity_concept_id, location_id) values (1563, 8532, 1950, 1, 1, 8527, 38003564, 321);
INSERT INTO f_person (person_id) values (1563);
INSERT INTO drug_era (drug_era_id, person_id, drug_concept_id, drug_era_start_date, drug_era_end_date) values (70150, 1563, 19049105, '2/13/08', '4/27/08');
INSERT INTO drug_era (drug_era_id, person_id, drug_concept_id, drug_era_start_date, drug_era_end_date) values (70151, 1563, 970250, '2/13/08', '4/27/08');
INSERT INTO drug_era (drug_era_id, person_id, drug_concept_id, drug_era_start_date, drug_era_end_date) values (70152, 1563, 904542, '2/13/08', '4/27/08');
INSERT INTO visit_occurrence (visit_occurrence_id, person_id, visit_concept_id, visit_start_date, visit_end_date, visit_type_concept_id, provider_id, care_site_id) values (150068, 1563, 9201, '2/13/08', '4/27/08', 44818517, 23492, 11905);
INSERT INTO drug_exposure (drug_exposure_id, person_id, drug_concept_id, drug_exposure_start_date, drug_exposure_end_date, drug_type_concept_id, quantity, days_supply, sig, route_concept_id, drug_exposure_start_datetime, drug_exposure_end_datetime) values (160150, 1563, 19049371, '2/13/08', '4/27/08', 38000175, 30, 30, '4 times daily', null, '2/13/08 00:00:00', '4/27/08 00:00:00');
INSERT INTO drug_exposure (drug_exposure_id, person_id, drug_concept_id, drug_exposure_start_date, drug_exposure_end_date, drug_type_concept_id, quantity, days_supply, sig, route_concept_id, drug_exposure_start_datetime, drug_exposure_end_datetime) values (160151, 1563, 19106647, '2/13/08', '4/27/08', 38000175, 30, 30, '4 times daily', null, '2/13/08 00:00:00', '4/27/08 00:00:00');
INSERT INTO drug_exposure (drug_exposure_id, person_id, drug_concept_id, drug_exposure_start_date, drug_exposure_end_date, drug_type_concept_id, quantity, days_supply, sig, route_concept_id, drug_exposure_start_datetime, drug_exposure_end_datetime) values (160152, 1563, 904583, '2/13/08', '4/27/08', 38000175, 30, 30, '4 times daily', null, '2/13/08 00:00:00', '4/27/08 00:00:00');
INSERT INTO measurement (measurement_id, person_id, measurement_concept_id, measurement_datetime, measurement_type_concept_id, value_as_number, unit_concept_id) values (170015, 1563, 3023103, '2/13/08 00:00:00', 45754907, 4.2, 9557);
INSERT INTO person (person_id, gender_concept_id, year_of_birth, month_of_birth, day_of_birth, race_concept_id, ethnicity_concept_id, location_id) values (1564, 8532, 1955, 1, 1, 8527, 38003564, 321);
INSERT INTO f_person (person_id) values (1564);
INSERT INTO drug_era (drug_era_id, person_id, drug_concept_id, drug_era_start_date, drug_era_end_date) values (70153, 1564, 19010482, '2/13/08', '4/27/08');
INSERT INTO drug_era (drug_era_id, person_id, drug_concept_id, drug_era_start_date, drug_era_end_date) values (70154, 1564, 1754994, '2/13/08', '4/27/08');
INSERT INTO visit_occurrence (visit_occurrence_id, person_id, visit_concept_id, visit_start_date, visit_end_date, visit_type_concept_id, provider_id, care_site_id) values (150069, 1564, 9201, '2/13/08', '4/27/08', 44818517, 23492, 11905);
INSERT INTO drug_exposure (drug_exposure_id, person_id, drug_concept_id, drug_exposure_start_date, drug_exposure_end_date, drug_type_concept_id, quantity, days_supply, sig, route_concept_id, drug_exposure_start_datetime, drug_exposure_end_datetime) values (160153, 1564, 19082899, '2/13/08', '4/27/08', 38000175, 30, 30, '2 times daily', null, '2/13/08 00:00:00', '4/27/08 00:00:00');
INSERT INTO drug_exposure (drug_exposure_id, person_id, drug_concept_id, drug_exposure_start_date, drug_exposure_end_date, drug_type_concept_id, quantity, days_supply, sig, route_concept_id, drug_exposure_start_datetime, drug_exposure_end_datetime) values (160154, 1564, 19019004, '2/13/08', '4/27/08', 38000175, 30, 30, '2 times daily', null, '2/13/08 00:00:00', '4/27/08 00:00:00');
INSERT INTO person (person_id, gender_concept_id, year_of_birth, month_of_birth, day_of_birth, race_concept_id, ethnicity_concept_id, location_id) values (1565, 8532, 1952, 1, 1, 8527, 38003564, 321);
INSERT INTO f_person (person_id) values (1565);
INSERT INTO drug_era (drug_era_id, person_id, drug_concept_id, drug_era_start_date, drug_era_end_date) values (70155, 1565, 1310149, '2/13/08', '4/27/08');
INSERT INTO drug_era (drug_era_id, person_id, drug_concept_id, drug_era_start_date, drug_era_end_date) values (70156, 1565, 1124300, '2/13/08', '4/27/08');
INSERT INTO visit_occurrence (visit_occurrence_id, person_id, visit_concept_id, visit_start_date, visit_end_date, visit_type_concept_id, provider_id, care_site_id) values (150070, 1565, 9201, '2/13/08', '4/27/08', 44818517, 23492, 11905);
INSERT INTO drug_exposure (drug_exposure_id, person_id, drug_concept_id, drug_exposure_start_date, drug_exposure_end_date, drug_type_concept_id, quantity, days_supply, sig, route_concept_id, drug_exposure_start_datetime, drug_exposure_end_datetime) values (160155, 1565, 40163546, '2/13/08', '4/27/08', 38000175, 30, 30, '2 times daily', null, '2/13/08 00:00:00', '4/27/08 00:00:00');
INSERT INTO drug_exposure (drug_exposure_id, person_id, drug_concept_id, drug_exposure_start_date, drug_exposure_end_date, drug_type_concept_id, quantity, days_supply, sig, route_concept_id, drug_exposure_start_datetime, drug_exposure_end_datetime) values (160156, 1565, 42707588, '2/13/08', '4/27/08', 38000175, 30, 30, '3 times daily', null, '2/13/08 00:00:00', '4/27/08 00:00:00');
INSERT INTO person (person_id, gender_concept_id, year_of_birth, month_of_birth, day_of_birth, race_concept_id, ethnicity_concept_id, location_id) values (1566, 8532, 1972, 1, 1, 8527, 38003564, 321);
INSERT INTO f_person (person_id) values (1566);
INSERT INTO drug_era (drug_era_id, person_id, drug_concept_id, drug_era_start_date, drug_era_end_date) values (70157, 1566, 1343916, '2/13/08', '4/27/08');
INSERT INTO drug_era (drug_era_id, person_id, drug_concept_id, drug_era_start_date, drug_era_end_date) values (70158, 1566, 902427, '2/13/08', '4/27/08');
INSERT INTO visit_occurrence (visit_occurrence_id, person_id, visit_concept_id, visit_start_date, visit_end_date, visit_type_concept_id, provider_id, care_site_id) values (150071, 1566, 9201, '2/13/08', '4/27/08', 44818517, 23492, 11905);
INSERT INTO drug_exposure (drug_exposure_id, person_id, drug_concept_id, drug_exposure_start_date, drug_exposure_end_date, drug_type_concept_id, quantity, days_supply, sig, route_concept_id, drug_exposure_start_datetime, drug_exposure_end_datetime) values (160157, 1566, 19076899, '2/14/08', '4/27/08', 38000175, 30, 1, '4 times daily', null, '2/14/08 00:00:00', '4/27/08 00:00:00');
INSERT INTO drug_exposure (drug_exposure_id, person_id, drug_concept_id, drug_exposure_start_date, drug_exposure_end_date, drug_type_concept_id, quantity, days_supply, sig, route_concept_id, drug_exposure_start_datetime, drug_exposure_end_datetime) values (160158, 1566, 19079776, '2/13/08', '4/27/08', 38000175, 5, 30, '4 times daily', 4184451, '2/13/08 00:00:00', '4/27/08 00:00:00');
INSERT INTO person (person_id, gender_concept_id, year_of_birth, month_of_birth, day_of_birth, race_concept_id, ethnicity_concept_id, location_id) values (1567, 8532, 1972, 1, 1, 8527, 38003564, 321);
INSERT INTO f_person (person_id) values (1567);
INSERT INTO drug_era (drug_era_id, person_id, drug_concept_id, drug_era_start_date, drug_era_end_date) values (70159, 1567, 1343916, '2/13/08', '4/27/08');
INSERT INTO drug_era (drug_era_id, person_id, drug_concept_id, drug_era_start_date, drug_era_end_date) values (70160, 1567, 902427, '2/13/08', '4/27/08');
INSERT INTO visit_occurrence (visit_occurrence_id, person_id, visit_concept_id, visit_start_date, visit_end_date, visit_type_concept_id, provider_id, care_site_id) values (150072, 1567, 9201, '2/13/08', '4/27/08', 44818517, 23492, 11905);
INSERT INTO drug_exposure (drug_exposure_id, person_id, drug_concept_id, drug_exposure_start_date, drug_exposure_end_date, drug_type_concept_id, quantity, days_supply, sig, route_concept_id, drug_exposure_start_datetime, drug_exposure_end_datetime) values (160159, 1567, 19127146, '2/14/08', '4/27/08', 38000175, 2, 1, '2 times daily', null, '2/14/08 00:00:00', '4/27/08 00:00:00');
INSERT INTO drug_exposure (drug_exposure_id, person_id, drug_concept_id, drug_exposure_start_date, drug_exposure_end_date, drug_type_concept_id, quantity, days_supply, sig, route_concept_id, drug_exposure_start_datetime, drug_exposure_end_datetime) values (160160, 1567, 902431, '2/13/08', '4/27/08', 38000175, 20, 30, '3 times daily', 4132161, '2/13/08 00:00:00', '4/27/08 00:00:00');
INSERT INTO person (person_id, gender_concept_id, year_of_birth, month_of_birth, day_of_birth, race_concept_id, ethnicity_concept_id, location_id) values (1568, 8532, 1960, 1, 1, 8527, 38003564, 321);
INSERT INTO f_person (person_id) values (1568);
INSERT INTO drug_era (drug_era_id, person_id, drug_concept_id, drug_era_start_date, drug_era_end_date) values (70161, 1568, 1398937, '2/13/08', '4/27/08');
INSERT INTO drug_era (drug_era_id, person_id, drug_concept_id, drug_era_start_date, drug_era_end_date) values (70162, 1568, 902427, '2/13/08', '4/27/08');
INSERT INTO visit_occurrence (visit_occurrence_id, person_id, visit_concept_id, visit_start_date, visit_end_date, visit_type_concept_id, provider_id, care_site_id) values (150073, 1568, 9201, '2/13/08', '4/27/08', 44818517, 23492, 11905);
INSERT INTO drug_exposure (drug_exposure_id, person_id, drug_concept_id, drug_exposure_start_date, drug_exposure_end_date, drug_type_concept_id, quantity, days_supply, sig, route_concept_id, drug_exposure_start_datetime, drug_exposure_end_datetime) values (160161, 1568, 40223504, '2/13/08', '4/27/08', 38000175, 30, 30, '2 times daily', null, '2/13/08 00:00:00', '4/27/08 00:00:00');
INSERT INTO drug_exposure (drug_exposure_id, person_id, drug_concept_id, drug_exposure_start_date, drug_exposure_end_date, drug_type_concept_id, quantity, days_supply, sig, route_concept_id, drug_exposure_start_datetime, drug_exposure_end_datetime) values (160162, 1568, 1594707, '2/13/08', '4/27/08', 38000175, 30, 30, '2 times daily', null, '2/13/08 00:00:00', '4/27/08 00:00:00');
INSERT INTO person (person_id, gender_concept_id, year_of_birth, month_of_birth, day_of_birth, race_concept_id, ethnicity_concept_id, location_id) values (1569, 8532, 1966, 1, 1, 8527, 38003564, 321);
INSERT INTO f_person (person_id) values (1569);
INSERT INTO drug_era (drug_era_id, person_id, drug_concept_id, drug_era_start_date, drug_era_end_date) values (70163, 1569, 1398937, '2/13/08', '4/27/08');
INSERT INTO drug_era (drug_era_id, person_id, drug_concept_id, drug_era_start_date, drug_era_end_date) values (70164, 1569, 902427, '2/13/08', '4/27/08');
INSERT INTO visit_occurrence (visit_occurrence_id, person_id, visit_concept_id, visit_start_date, visit_end_date, visit_type_concept_id, provider_id, care_site_id) values (150074, 1569, 9201, '2/13/08', '4/27/08', 44818517, 23492, 11905);
INSERT INTO drug_exposure (drug_exposure_id, person_id, drug_concept_id, drug_exposure_start_date, drug_exposure_end_date, drug_type_concept_id, quantity, days_supply, sig, route_concept_id, drug_exposure_start_datetime, drug_exposure_end_datetime) values (160163, 1569, 19079775, '2/13/08', '4/27/08', 38000175, 20, 30, '4 times daily', null, '2/13/08 00:00:00', '4/27/08 00:00:00');
INSERT INTO drug_exposure (drug_exposure_id, person_id, drug_concept_id, drug_exposure_start_date, drug_exposure_end_date, drug_type_concept_id, quantity, days_supply, sig, route_concept_id, drug_exposure_start_datetime, drug_exposure_end_datetime) values (160164, 1569, 902489, '2/13/08', '4/27/08', 38000175, 5, 30, '4 times daily', null, '2/13/08 00:00:00', '4/27/08 00:00:00');
INSERT INTO person (person_id, gender_concept_id, year_of_birth, month_of_birth, day_of_birth, race_concept_id, ethnicity_concept_id, location_id) values (1570, 8532, 1950, 1, 1, 8527, 38003564, 321);
INSERT INTO f_person (person_id) values (1570);
INSERT INTO drug_era (drug_era_id, person_id, drug_concept_id, drug_era_start_date, drug_era_end_date) values (70165, 1570, 1398937, '2/13/08', '4/27/08');
INSERT INTO drug_era (drug_era_id, person_id, drug_concept_id, drug_era_start_date, drug_era_end_date) values (70166, 1570, 950370, '2/13/08', '4/27/08');
INSERT INTO drug_era (drug_era_id, person_id, drug_concept_id, drug_era_start_date, drug_era_end_date) values (70167, 1570, 797617, '2/13/08', '4/27/08');
INSERT INTO drug_era (drug_era_id, person_id, drug_concept_id, drug_era_start_date, drug_era_end_date) values (70168, 1570, 1354860, '2/13/08', '4/27/08');
INSERT INTO visit_occurrence (visit_occurrence_id, person_id, visit_concept_id, visit_start_date, visit_end_date, visit_type_concept_id, provider_id, care_site_id) values (150075, 1570, 9201, '2/13/08', '4/27/08', 44818517, 23492, 11905);
INSERT INTO drug_exposure (drug_exposure_id, person_id, drug_concept_id, drug_exposure_start_date, drug_exposure_end_date, drug_type_concept_id, quantity, days_supply, sig, route_concept_id, drug_exposure_start_datetime, drug_exposure_end_datetime) values (160165, 1570, 40223506, '2/13/08', '4/27/08', 38000175, 10, 10, 'Daily', null, '2/13/08 00:00:00', '4/27/08 00:00:00');
INSERT INTO drug_exposure (drug_exposure_id, person_id, drug_concept_id, drug_exposure_start_date, drug_exposure_end_date, drug_type_concept_id, quantity, days_supply, sig, route_concept_id, drug_exposure_start_datetime, drug_exposure_end_datetime) values (160166, 1570, 43219718, '2/13/08', '4/27/08', 38000175, 30, 30, '2 times daily', null, '2/13/08 00:00:00', '4/27/08 00:00:00');
INSERT INTO drug_exposure (drug_exposure_id, person_id, drug_concept_id, drug_exposure_start_date, drug_exposure_end_date, drug_type_concept_id, quantity, days_supply, sig, route_concept_id, drug_exposure_start_datetime, drug_exposure_end_datetime) values (160167, 1570, 797637, '2/13/08', '4/27/08', 38000175, 60, 30, '2 times daily', null, '2/13/08 00:00:00', '4/27/08 00:00:00');
INSERT INTO drug_exposure (drug_exposure_id, person_id, drug_concept_id, drug_exposure_start_date, drug_exposure_end_date, drug_type_concept_id, quantity, days_supply, sig, route_concept_id, drug_exposure_start_datetime, drug_exposure_end_datetime) values (160168, 1570, 19022281, '2/13/08', '4/27/08', 38000175, 10, 10, 'Daily', null, '2/13/08 00:00:00', '4/27/08 00:00:00');
INSERT INTO person (person_id, gender_concept_id, year_of_birth, month_of_birth, day_of_birth, race_concept_id, ethnicity_concept_id, location_id) values (1571, 8532, 1950, 1, 1, 8527, 38003564, 321);
INSERT INTO f_person (person_id) values (1571);
INSERT INTO drug_era (drug_era_id, person_id, drug_concept_id, drug_era_start_date, drug_era_end_date) values (70169, 1571, 19036781, '2/13/08', '4/27/08');
INSERT INTO drug_era (drug_era_id, person_id, drug_concept_id, drug_era_start_date, drug_era_end_date) values (70170, 1571, 1777806, '2/13/08', '4/27/08');
INSERT INTO drug_era (drug_era_id, person_id, drug_concept_id, drug_era_start_date, drug_era_end_date) values (70171, 1571, 797617, '2/13/08', '4/27/08');
INSERT INTO drug_era (drug_era_id, person_id, drug_concept_id, drug_era_start_date, drug_era_end_date) values (70172, 1571, 1000560, '2/13/08', '4/27/08');
INSERT INTO visit_occurrence (visit_occurrence_id, person_id, visit_concept_id, visit_start_date, visit_end_date, visit_type_concept_id, provider_id, care_site_id) values (150076, 1571, 9201, '2/13/08', '4/27/08', 44818517, 23492, 11905);
INSERT INTO drug_exposure (drug_exposure_id, person_id, drug_concept_id, drug_exposure_start_date, drug_exposure_end_date, drug_type_concept_id, quantity, days_supply, sig, route_concept_id, drug_exposure_start_datetime, drug_exposure_end_datetime) values (160169, 1571, 45775952, '2/13/08', '4/27/08', 38000175, 10, 10, 'Daily', null, '2/13/08 00:00:00', '4/27/08 00:00:00');
INSERT INTO drug_exposure (drug_exposure_id, person_id, drug_concept_id, drug_exposure_start_date, drug_exposure_end_date, drug_type_concept_id, quantity, days_supply, sig, route_concept_id, drug_exposure_start_datetime, drug_exposure_end_datetime) values (160170, 1571, 46287321, '2/13/08', '4/27/08', 38000175, 1, 1, 'Daily', null, '2/13/08 00:00:00', '4/27/08 00:00:00');
INSERT INTO drug_exposure (drug_exposure_id, person_id, drug_concept_id, drug_exposure_start_date, drug_exposure_end_date, drug_type_concept_id, quantity, days_supply, sig, route_concept_id, drug_exposure_start_datetime, drug_exposure_end_datetime) values (160171, 1571, 19023636, '2/13/08', '4/27/08', 38000175, 30, 30, '2 times daily', null, '2/13/08 00:00:00', '4/27/08 00:00:00');
INSERT INTO drug_exposure (drug_exposure_id, person_id, drug_concept_id, drug_exposure_start_date, drug_exposure_end_date, drug_type_concept_id, quantity, days_supply, sig, route_concept_id, drug_exposure_start_datetime, drug_exposure_end_datetime) values (160172, 1571, 1000618, '2/13/08', '4/27/08', 38000175, 30, 30, 'Daily', null, '2/13/08 00:00:00', '4/27/08 00:00:00');
INSERT INTO person (person_id, gender_concept_id, year_of_birth, month_of_birth, day_of_birth, race_concept_id, ethnicity_concept_id, location_id) values (1572, 8532, 1970, 1, 1, 8527, 38003564, 321);
INSERT INTO f_person (person_id) values (1572);
INSERT INTO drug_era (drug_era_id, person_id, drug_concept_id, drug_era_start_date, drug_era_end_date) values (70173, 1572, 1310149, '2/13/08', '4/27/08');
INSERT INTO drug_era (drug_era_id, person_id, drug_concept_id, drug_era_start_date, drug_era_end_date) values (70174, 1572, 725131, '2/13/08', '4/27/08');
INSERT INTO visit_occurrence (visit_occurrence_id, person_id, visit_concept_id, visit_start_date, visit_end_date, visit_type_concept_id, provider_id, care_site_id) values (150077, 1572, 9201, '2/13/08', '4/27/08', 44818517, 23492, 11905);
INSERT INTO drug_exposure (drug_exposure_id, person_id, drug_concept_id, drug_exposure_start_date, drug_exposure_end_date, drug_type_concept_id, quantity, days_supply, sig, route_concept_id, drug_exposure_start_datetime, drug_exposure_end_datetime) values (160173, 1572, 40163518, '2/13/08', '4/27/08', 38000175, 30, 30, 'Daily', null, '2/13/08 00:00:00', '4/27/08 00:00:00');
INSERT INTO drug_exposure (drug_exposure_id, person_id, drug_concept_id, drug_exposure_start_date, drug_exposure_end_date, drug_type_concept_id, quantity, days_supply, sig, route_concept_id, drug_exposure_start_datetime, drug_exposure_end_datetime) values (160174, 1572, 725177, '2/13/08', '4/27/08', 38000175, 30, 30, 'Daily', null, '2/13/08 00:00:00', '4/27/08 00:00:00');
INSERT INTO person (person_id, gender_concept_id, year_of_birth, month_of_birth, day_of_birth, race_concept_id, ethnicity_concept_id, location_id) values (1573, 8532, 1960, 1, 1, 8527, 38003564, 321);
INSERT INTO f_person (person_id) values (1573);
INSERT INTO drug_era (drug_era_id, person_id, drug_concept_id, drug_era_start_date, drug_era_end_date) values (70175, 1573, 1310149, '2/13/08', '4/27/08');
INSERT INTO drug_era (drug_era_id, person_id, drug_concept_id, drug_era_start_date, drug_era_end_date) values (70176, 1573, 750982, '2/13/08', '4/27/08');
INSERT INTO visit_occurrence (visit_occurrence_id, person_id, visit_concept_id, visit_start_date, visit_end_date, visit_type_concept_id, provider_id, care_site_id) values (150078, 1573, 9201, '2/13/08', '4/27/08', 44818517, 23492, 11905);
INSERT INTO drug_exposure (drug_exposure_id, person_id, drug_concept_id, drug_exposure_start_date, drug_exposure_end_date, drug_type_concept_id, quantity, days_supply, sig, route_concept_id, drug_exposure_start_datetime, drug_exposure_end_datetime) values (160175, 1573, 40163518, '2/13/08', '4/27/08', 38000175, 30, 30, 'Daily', null, '2/13/08 00:00:00', '4/27/08 00:00:00');
INSERT INTO drug_exposure (drug_exposure_id, person_id, drug_concept_id, drug_exposure_start_date, drug_exposure_end_date, drug_type_concept_id, quantity, days_supply, sig, route_concept_id, drug_exposure_start_datetime, drug_exposure_end_datetime) values (160176, 1573, 19108152, '2/13/08', '4/27/08', 38000175, 30, 30, 'Daily', null, '2/13/08 00:00:00', '4/27/08 00:00:00');
INSERT INTO person (person_id, gender_concept_id, year_of_birth, month_of_birth, day_of_birth, race_concept_id, ethnicity_concept_id, location_id) values (1574, 8532, 1950, 1, 1, 8527, 38003564, 321);
INSERT INTO f_person (person_id) values (1574);
INSERT INTO drug_era (drug_era_id, person_id, drug_concept_id, drug_era_start_date, drug_era_end_date) values (70177, 1574, 739138, '2/13/08', '4/27/08');
INSERT INTO drug_era (drug_era_id, person_id, drug_concept_id, drug_era_start_date, drug_era_end_date) values (70178, 1574, 974166, '2/13/08', '4/27/08');
INSERT INTO visit_occurrence (visit_occurrence_id, person_id, visit_concept_id, visit_start_date, visit_end_date, visit_type_concept_id, provider_id, care_site_id) values (150079, 1574, 9201, '2/13/08', '4/27/08', 44818517, 23492, 11905);
INSERT INTO drug_exposure (drug_exposure_id, person_id, drug_concept_id, drug_exposure_start_date, drug_exposure_end_date, drug_type_concept_id, quantity, days_supply, sig, route_concept_id, drug_exposure_start_datetime, drug_exposure_end_datetime) values (160177, 1574, 739207, '2/13/08', '4/27/08', 38000175, null, null, 'Daily', null, '2/13/08 00:00:00', '4/27/08 00:00:00');
INSERT INTO drug_exposure (drug_exposure_id, person_id, drug_concept_id, drug_exposure_start_date, drug_exposure_end_date, drug_type_concept_id, quantity, days_supply, sig, route_concept_id, drug_exposure_start_datetime, drug_exposure_end_datetime) values (160178, 1574, 19019044, '2/13/08', '4/27/08', 38000175, null, null, 'Daily', null, '2/13/08 00:00:00', '4/27/08 00:00:00');
INSERT INTO person (person_id, gender_concept_id, year_of_birth, month_of_birth, day_of_birth, race_concept_id, ethnicity_concept_id, location_id) values (1575, 8532, 1950, 1, 1, 8527, 38003564, 321);
INSERT INTO f_person (person_id) values (1575);
INSERT INTO drug_era (drug_era_id, person_id, drug_concept_id, drug_era_start_date, drug_era_end_date) values (70179, 1575, 739138, '2/13/08', '4/27/08');
INSERT INTO drug_era (drug_era_id, person_id, drug_concept_id, drug_era_start_date, drug_era_end_date) values (70180, 1575, 974166, '2/13/08', '4/27/08');
INSERT INTO visit_occurrence (visit_occurrence_id, person_id, visit_concept_id, visit_start_date, visit_end_date, visit_type_concept_id, provider_id, care_site_id) values (150080, 1575, 9201, '2/13/08', '4/27/08', 44818517, 23492, 11905);
INSERT INTO drug_exposure (drug_exposure_id, person_id, drug_concept_id, drug_exposure_start_date, drug_exposure_end_date, drug_type_concept_id, quantity, days_supply, sig, route_concept_id, drug_exposure_start_datetime, drug_exposure_end_datetime) values (160179, 1575, 739207, '2/13/08', '4/27/08', 38000175, null, null, 'Daily', null, '2/13/08 00:00:00', '4/27/08 00:00:00');
INSERT INTO drug_exposure (drug_exposure_id, person_id, drug_concept_id, drug_exposure_start_date, drug_exposure_end_date, drug_type_concept_id, quantity, days_supply, sig, route_concept_id, drug_exposure_start_datetime, drug_exposure_end_datetime) values (160180, 1575, 19019044, '2/13/08', '4/27/08', 38000175, null, null, 'Daily', null, '2/13/08 00:00:00', '4/27/08 00:00:00');
INSERT INTO measurement (measurement_id, person_id, measurement_concept_id, measurement_datetime, measurement_type_concept_id, value_as_number, unit_concept_id) values (170016, 1575, 3019550, '2/13/08 00:00:00', 45754907, 125, 9557);
INSERT INTO person (person_id, gender_concept_id, year_of_birth, month_of_birth, day_of_birth, race_concept_id, ethnicity_concept_id, location_id) values (1576, 8532, 1940, 1, 1, 8527, 38003564, 321);
INSERT INTO f_person (person_id) values (1576);
INSERT INTO drug_era (drug_era_id, person_id, drug_concept_id, drug_era_start_date, drug_era_end_date) values (70181, 1576, 739138, '2/13/08', '4/27/08');
INSERT INTO drug_era (drug_era_id, person_id, drug_concept_id, drug_era_start_date, drug_era_end_date) values (70182, 1576, 974166, '2/13/08', '4/27/08');
INSERT INTO visit_occurrence (visit_occurrence_id, person_id, visit_concept_id, visit_start_date, visit_end_date, visit_type_concept_id, provider_id, care_site_id) values (150081, 1576, 9201, '2/13/08', '4/27/08', 44818517, 23492, 11905);
INSERT INTO drug_exposure (drug_exposure_id, person_id, drug_concept_id, drug_exposure_start_date, drug_exposure_end_date, drug_type_concept_id, quantity, days_supply, sig, route_concept_id, drug_exposure_start_datetime, drug_exposure_end_datetime) values (160181, 1576, 739207, '2/13/08', '4/27/08', 38000175, null, null, 'Daily', null, '2/13/08 00:00:00', '4/27/08 00:00:00');
INSERT INTO drug_exposure (drug_exposure_id, person_id, drug_concept_id, drug_exposure_start_date, drug_exposure_end_date, drug_type_concept_id, quantity, days_supply, sig, route_concept_id, drug_exposure_start_datetime, drug_exposure_end_datetime) values (160182, 1576, 19019044, '2/13/08', '4/27/08', 38000175, null, null, 'Daily', null, '2/13/08 00:00:00', '4/27/08 00:00:00');
INSERT INTO measurement (measurement_id, person_id, measurement_concept_id, measurement_datetime, measurement_type_concept_id, value_as_number, unit_concept_id) values (170017, 1576, 3019550, '2/13/08 00:00:00', 45754907, 140, 9557);
INSERT INTO person (person_id, gender_concept_id, year_of_birth, month_of_birth, day_of_birth, race_concept_id, ethnicity_concept_id, location_id) values (1577, 8532, 1975, 1, 1, 8527, 38003564, 321);
INSERT INTO f_person (person_id) values (1577);
INSERT INTO drug_era (drug_era_id, person_id, drug_concept_id, drug_era_start_date, drug_era_end_date) values (70183, 1577, 739138, '2/13/08', '4/27/08');
INSERT INTO drug_era (drug_era_id, person_id, drug_concept_id, drug_era_start_date, drug_era_end_date) values (70184, 1577, 974166, '2/13/08', '4/27/08');
INSERT INTO drug_era (drug_era_id, person_id, drug_concept_id, drug_era_start_date, drug_era_end_date) values (70185, 1577, 740910, '2/13/08', '4/27/08');
INSERT INTO visit_occurrence (visit_occurrence_id, person_id, visit_concept_id, visit_start_date, visit_end_date, visit_type_concept_id, provider_id, care_site_id) values (150082, 1577, 9201, '2/13/08', '4/27/08', 44818517, 23492, 11905);
INSERT INTO drug_exposure (drug_exposure_id, person_id, drug_concept_id, drug_exposure_start_date, drug_exposure_end_date, drug_type_concept_id, quantity, days_supply, sig, route_concept_id, drug_exposure_start_datetime, drug_exposure_end_datetime) values (160183, 1577, 739207, '2/13/08', '4/27/08', 38000175, null, null, 'Daily', null, '2/13/08 00:00:00', '4/27/08 00:00:00');
INSERT INTO drug_exposure (drug_exposure_id, person_id, drug_concept_id, drug_exposure_start_date, drug_exposure_end_date, drug_type_concept_id, quantity, days_supply, sig, route_concept_id, drug_exposure_start_datetime, drug_exposure_end_datetime) values (160184, 1577, 19019044, '2/13/08', '4/27/08', 38000175, null, null, 'Daily', null, '2/13/08 00:00:00', '4/27/08 00:00:00');
INSERT INTO drug_exposure (drug_exposure_id, person_id, drug_concept_id, drug_exposure_start_date, drug_exposure_end_date, drug_type_concept_id, quantity, days_supply, sig, route_concept_id, drug_exposure_start_datetime, drug_exposure_end_datetime) values (160185, 1577, 42901705, '2/13/08', '4/27/08', 38000175, null, null, 'Daily', null, '2/13/08 00:00:00', '4/27/08 00:00:00');
INSERT INTO measurement (measurement_id, person_id, measurement_concept_id, measurement_datetime, measurement_type_concept_id, value_as_number, unit_concept_id) values (170018, 1577, 3019550, '2/13/08 00:00:00', 45754907, 140, 9557);
INSERT INTO person (person_id, gender_concept_id, year_of_birth, month_of_birth, day_of_birth, race_concept_id, ethnicity_concept_id, location_id) values (1578, 8532, 1980, 1, 1, 8527, 38003564, 321);
INSERT INTO f_person (person_id) values (1578);
INSERT INTO drug_era (drug_era_id, person_id, drug_concept_id, drug_era_start_date, drug_era_end_date) values (70186, 1578, 739138, '2/13/08', '4/27/08');
INSERT INTO drug_era (drug_era_id, person_id, drug_concept_id, drug_era_start_date, drug_era_end_date) values (70187, 1578, 974166, '2/13/08', '4/27/08');
INSERT INTO visit_occurrence (visit_occurrence_id, person_id, visit_concept_id, visit_start_date, visit_end_date, visit_type_concept_id, provider_id, care_site_id) values (150083, 1578, 9201, '2/13/08', '4/27/08', 44818517, 23492, 11905);
INSERT INTO drug_exposure (drug_exposure_id, person_id, drug_concept_id, drug_exposure_start_date, drug_exposure_end_date, drug_type_concept_id, quantity, days_supply, sig, route_concept_id, drug_exposure_start_datetime, drug_exposure_end_datetime) values (160186, 1578, 739207, '2/13/08', '4/27/08', 38000175, null, null, 'Daily', null, '2/13/08 00:00:00', '4/27/08 00:00:00');
INSERT INTO drug_exposure (drug_exposure_id, person_id, drug_concept_id, drug_exposure_start_date, drug_exposure_end_date, drug_type_concept_id, quantity, days_supply, sig, route_concept_id, drug_exposure_start_datetime, drug_exposure_end_datetime) values (160187, 1578, 19019044, '2/13/08', '4/27/08', 38000175, null, null, 'Daily', null, '2/13/08 00:00:00', '4/27/08 00:00:00');
INSERT INTO condition_era (condition_era_id, person_id, condition_concept_id, condition_era_start_date, condition_era_end_date) values (140008, 1578, 44835943, '2/13/08', '4/27/08');
INSERT INTO condition_occurrence (condition_occurrence_id, person_id, condition_concept_id, condition_start_date, condition_end_date, condition_type_concept_id) values (140008, 1578, 44835943, '2/13/08', '4/27/08', 32020);
INSERT INTO measurement (measurement_id, person_id, measurement_concept_id, measurement_datetime, measurement_type_concept_id, value_as_number, unit_concept_id) values (170019, 1578, 3019550, '2/13/08 00:00:00', 45754907, 140, 9557);
INSERT INTO person (person_id, gender_concept_id, year_of_birth, month_of_birth, day_of_birth, race_concept_id, ethnicity_concept_id, location_id) values (1579, 8532, 1980, 1, 1, 8527, 38003564, 321);
INSERT INTO f_person (person_id) values (1579);
INSERT INTO drug_era (drug_era_id, person_id, drug_concept_id, drug_era_start_date, drug_era_end_date) values (70188, 1579, 739138, '2/13/08', '4/27/08');
INSERT INTO drug_era (drug_era_id, person_id, drug_concept_id, drug_era_start_date, drug_era_end_date) values (70189, 1579, 974166, '2/13/08', '4/27/08');
INSERT INTO visit_occurrence (visit_occurrence_id, person_id, visit_concept_id, visit_start_date, visit_end_date, visit_type_concept_id, provider_id, care_site_id) values (150084, 1579, 9201, '2/13/08', '4/27/08', 44818517, 23492, 11905);
INSERT INTO drug_exposure (drug_exposure_id, person_id, drug_concept_id, drug_exposure_start_date, drug_exposure_end_date, drug_type_concept_id, quantity, days_supply, sig, route_concept_id, drug_exposure_start_datetime, drug_exposure_end_datetime) values (160188, 1579, 739207, '2/13/08', '4/27/08', 38000175, null, null, 'Daily', null, '2/13/08 00:00:00', '4/27/08 00:00:00');
INSERT INTO drug_exposure (drug_exposure_id, person_id, drug_concept_id, drug_exposure_start_date, drug_exposure_end_date, drug_type_concept_id, quantity, days_supply, sig, route_concept_id, drug_exposure_start_datetime, drug_exposure_end_datetime) values (160189, 1579, 19019044, '2/13/08', '4/27/08', 38000175, null, null, 'Daily', null, '2/13/08 00:00:00', '4/27/08 00:00:00');
INSERT INTO measurement (measurement_id, person_id, measurement_concept_id, measurement_datetime, measurement_type_concept_id, value_as_number, unit_concept_id) values (170020, 1579, 3019550, '2/13/08 00:00:00', 45754907, 140, 9557);
INSERT INTO person (person_id, gender_concept_id, year_of_birth, month_of_birth, day_of_birth, race_concept_id, ethnicity_concept_id, location_id) values (1580, 8532, 1980, 1, 1, 8527, 38003564, 321);
INSERT INTO f_person (person_id) values (1580);
INSERT INTO drug_era (drug_era_id, person_id, drug_concept_id, drug_era_start_date, drug_era_end_date) values (70190, 1580, 797617, '2/13/08', '4/27/08');
INSERT INTO visit_occurrence (visit_occurrence_id, person_id, visit_concept_id, visit_start_date, visit_end_date, visit_type_concept_id, provider_id, care_site_id) values (150085, 1580, 9201, '2/13/08', '4/27/08', 44818517, 23492, 11905);
INSERT INTO drug_exposure (drug_exposure_id, person_id, drug_concept_id, drug_exposure_start_date, drug_exposure_end_date, drug_type_concept_id, quantity, days_supply, sig, route_concept_id, drug_exposure_start_datetime, drug_exposure_end_datetime) values (160190, 1580, 797637, '2/13/08', '4/27/08', 38000175, null, null, 'Daily', null, '2/13/08 00:00:00', '4/27/08 00:00:00');
INSERT INTO person (person_id, gender_concept_id, year_of_birth, month_of_birth, day_of_birth, race_concept_id, ethnicity_concept_id, location_id) values (1581, 8532, 1980, 1, 1, 8527, 38003564, 321);
INSERT INTO f_person (person_id) values (1581);
INSERT INTO drug_era (drug_era_id, person_id, drug_concept_id, drug_era_start_date, drug_era_end_date) values (70191, 1581, 797617, '2/13/08', '4/27/08');
INSERT INTO drug_era (drug_era_id, person_id, drug_concept_id, drug_era_start_date, drug_era_end_date) values (70192, 1581, 753626, '2/13/08', '4/27/08');
INSERT INTO visit_occurrence (visit_occurrence_id, person_id, visit_concept_id, visit_start_date, visit_end_date, visit_type_concept_id, provider_id, care_site_id) values (150086, 1581, 9201, '2/13/08', '4/27/08', 44818517, 23492, 11905);
INSERT INTO drug_exposure (drug_exposure_id, person_id, drug_concept_id, drug_exposure_start_date, drug_exposure_end_date, drug_type_concept_id, quantity, days_supply, sig, route_concept_id, drug_exposure_start_datetime, drug_exposure_end_datetime) values (160191, 1581, 797637, '2/13/08', '4/27/08', 38000175, null, null, 'Daily', null, '2/13/08 00:00:00', '4/27/08 00:00:00');
INSERT INTO drug_exposure (drug_exposure_id, person_id, drug_concept_id, drug_exposure_start_date, drug_exposure_end_date, drug_type_concept_id, quantity, days_supply, sig, route_concept_id, drug_exposure_start_datetime, drug_exposure_end_datetime) values (160192, 1581, 40220386, '2/13/08', '4/27/08', 38000175, null, null, 'Daily', 4171047, '2/13/08 00:00:00', '4/27/08 00:00:00');
INSERT INTO person (person_id, gender_concept_id, year_of_birth, month_of_birth, day_of_birth, race_concept_id, ethnicity_concept_id, location_id) values (1582, 8532, 1940, 1, 1, 8527, 38003564, 321);
INSERT INTO f_person (person_id) values (1582);
INSERT INTO drug_era (drug_era_id, person_id, drug_concept_id, drug_era_start_date, drug_era_end_date) values (70193, 1582, 797617, '2/13/08', '4/27/08');
INSERT INTO drug_era (drug_era_id, person_id, drug_concept_id, drug_era_start_date, drug_era_end_date) values (70194, 1582, 753626, '2/13/08', '4/27/08');
INSERT INTO visit_occurrence (visit_occurrence_id, person_id, visit_concept_id, visit_start_date, visit_end_date, visit_type_concept_id, provider_id, care_site_id) values (150087, 1582, 9201, '2/13/08', '4/27/08', 44818517, 23492, 11905);
INSERT INTO drug_exposure (drug_exposure_id, person_id, drug_concept_id, drug_exposure_start_date, drug_exposure_end_date, drug_type_concept_id, quantity, days_supply, sig, route_concept_id, drug_exposure_start_datetime, drug_exposure_end_datetime) values (160193, 1582, 41273863, '2/13/08', '4/27/08', 38000175, null, null, 'Daily', null, '2/13/08 00:00:00', '4/27/08 00:00:00');
INSERT INTO drug_exposure (drug_exposure_id, person_id, drug_concept_id, drug_exposure_start_date, drug_exposure_end_date, drug_type_concept_id, quantity, days_supply, sig, route_concept_id, drug_exposure_start_datetime, drug_exposure_end_datetime) values (160194, 1582, 40220386, '2/13/08', '4/27/08', 38000175, null, null, 'Daily', 4171047, '2/13/08 00:00:00', '4/27/08 00:00:00');
INSERT INTO measurement (measurement_id, person_id, measurement_concept_id, measurement_datetime, measurement_type_concept_id, value_as_number, unit_concept_id) values (170021, 1582, 3005456, '2/13/08 00:00:00', 45754907, 2.5, 9557);
INSERT INTO person (person_id, gender_concept_id, year_of_birth, month_of_birth, day_of_birth, race_concept_id, ethnicity_concept_id, location_id) values (1583, 8532, 1940, 1, 1, 8527, 38003564, 321);
INSERT INTO f_person (person_id) values (1583);
INSERT INTO drug_era (drug_era_id, person_id, drug_concept_id, drug_era_start_date, drug_era_end_date) values (70195, 1583, 1398937, '2/13/08', '4/27/08');
INSERT INTO drug_era (drug_era_id, person_id, drug_concept_id, drug_era_start_date, drug_era_end_date) values (70196, 1583, 950370, '2/13/08', '4/27/08');
INSERT INTO drug_era (drug_era_id, person_id, drug_concept_id, drug_era_start_date, drug_era_end_date) values (70197, 1583, 797617, '2/13/08', '4/27/08');
INSERT INTO drug_era (drug_era_id, person_id, drug_concept_id, drug_era_start_date, drug_era_end_date) values (70198, 1583, 1354860, '2/13/08', '4/27/08');
INSERT INTO visit_occurrence (visit_occurrence_id, person_id, visit_concept_id, visit_start_date, visit_end_date, visit_type_concept_id, provider_id, care_site_id) values (150088, 1583, 9201, '2/13/08', '4/27/08', 44818517, 23492, 11905);
INSERT INTO drug_exposure (drug_exposure_id, person_id, drug_concept_id, drug_exposure_start_date, drug_exposure_end_date, drug_type_concept_id, quantity, days_supply, sig, route_concept_id, drug_exposure_start_datetime, drug_exposure_end_datetime) values (160195, 1583, 40223506, '2/13/08', '4/27/08', 38000175, 10, 10, 'Daily', null, '2/13/08 00:00:00', '4/27/08 00:00:00');
INSERT INTO drug_exposure (drug_exposure_id, person_id, drug_concept_id, drug_exposure_start_date, drug_exposure_end_date, drug_type_concept_id, quantity, days_supply, sig, route_concept_id, drug_exposure_start_datetime, drug_exposure_end_datetime) values (160196, 1583, 43219718, '2/13/08', '4/27/08', 38000175, 30, 30, '2 times daily', null, '2/13/08 00:00:00', '4/27/08 00:00:00');
INSERT INTO drug_exposure (drug_exposure_id, person_id, drug_concept_id, drug_exposure_start_date, drug_exposure_end_date, drug_type_concept_id, quantity, days_supply, sig, route_concept_id, drug_exposure_start_datetime, drug_exposure_end_datetime) values (160197, 1583, 797637, '2/13/08', '4/27/08', 38000175, 60, 30, '2 times daily', null, '2/13/08 00:00:00', '4/27/08 00:00:00');
INSERT INTO drug_exposure (drug_exposure_id, person_id, drug_concept_id, drug_exposure_start_date, drug_exposure_end_date, drug_type_concept_id, quantity, days_supply, sig, route_concept_id, drug_exposure_start_datetime, drug_exposure_end_datetime) values (160198, 1583, 19022281, '2/13/08', '4/27/08', 38000175, 10, 10, 'Daily', null, '2/13/08 00:00:00', '4/27/08 00:00:00');
INSERT INTO measurement (measurement_id, person_id, measurement_concept_id, measurement_datetime, measurement_type_concept_id, value_as_number, unit_concept_id) values (170022, 1582, 3005456, '2/13/08 00:00:00', 45754907, 4.5, 9557);
INSERT INTO person (person_id, gender_concept_id, year_of_birth, month_of_birth, day_of_birth, race_concept_id, ethnicity_concept_id, location_id) values (1584, 8532, 1970, 1, 1, 8527, 38003564, 321);
INSERT INTO f_person (person_id) values (1584);
INSERT INTO drug_era (drug_era_id, person_id, drug_concept_id, drug_era_start_date, drug_era_end_date) values (70199, 1584, 956874, '2/13/08', '4/27/08');
INSERT INTO drug_exposure (drug_exposure_id, person_id, drug_concept_id, drug_exposure_start_date, drug_exposure_end_date, drug_type_concept_id, quantity, days_supply, sig, route_concept_id, drug_exposure_start_datetime, drug_exposure_end_datetime) values (160199, 1584, 19044762, '2/13/08', '4/27/08', 38000175, null, null, 'Daily', null, '2/13/08 00:00:00', '4/27/08 00:00:00');
INSERT INTO drug_era (drug_era_id, person_id, drug_concept_id, drug_era_start_date, drug_era_end_date) values (70200, 1584, 797617, '2/13/08', '4/27/08');
INSERT INTO drug_era (drug_era_id, person_id, drug_concept_id, drug_era_start_date, drug_era_end_date) values (70201, 1584, 753626, '2/13/08', '4/27/08');
INSERT INTO visit_occurrence (visit_occurrence_id, person_id, visit_concept_id, visit_start_date, visit_end_date, visit_type_concept_id, provider_id, care_site_id) values (150089, 1584, 9201, '2/13/08', '4/27/08', 44818517, 23492, 11905);
INSERT INTO drug_exposure (drug_exposure_id, person_id, drug_concept_id, drug_exposure_start_date, drug_exposure_end_date, drug_type_concept_id, quantity, days_supply, sig, route_concept_id, drug_exposure_start_datetime, drug_exposure_end_datetime) values (160200, 1584, 41273863, '2/13/08', '4/27/08', 38000175, null, null, 'Daily', null, '2/13/08 00:00:00', '4/27/08 00:00:00');
INSERT INTO drug_exposure (drug_exposure_id, person_id, drug_concept_id, drug_exposure_start_date, drug_exposure_end_date, drug_type_concept_id, quantity, days_supply, sig, route_concept_id, drug_exposure_start_datetime, drug_exposure_end_datetime) values (160201, 1584, 40220386, '2/13/08', '4/27/08', 38000175, null, null, 'Daily', 4171047, '2/13/08 00:00:00', '4/27/08 00:00:00');
INSERT INTO measurement (measurement_id, person_id, measurement_concept_id, measurement_datetime, measurement_type_concept_id, value_as_number, unit_concept_id) values (170023, 1584, 3005456, '2/13/08 00:00:00', 45754907, 2.5, 9557);
INSERT INTO person (person_id, gender_concept_id, year_of_birth, month_of_birth, day_of_birth, race_concept_id, ethnicity_concept_id, location_id) values (1585, 8532, 1960, 1, 1, 8527, 38003564, 321);
INSERT INTO f_person (person_id) values (1585);
INSERT INTO drug_era (drug_era_id, person_id, drug_concept_id, drug_era_start_date, drug_era_end_date) values (70202, 1585, 797617, '2/13/08', '4/27/08');
INSERT INTO drug_era (drug_era_id, person_id, drug_concept_id, drug_era_start_date, drug_era_end_date) values (70203, 1585, 753626, '2/13/08', '4/27/08');
INSERT INTO visit_occurrence (visit_occurrence_id, person_id, visit_concept_id, visit_start_date, visit_end_date, visit_type_concept_id, provider_id, care_site_id) values (150090, 1585, 9201, '2/13/08', '4/27/08', 44818517, 23492, 11905);
INSERT INTO drug_exposure (drug_exposure_id, person_id, drug_concept_id, drug_exposure_start_date, drug_exposure_end_date, drug_type_concept_id, quantity, days_supply, sig, route_concept_id, drug_exposure_start_datetime, drug_exposure_end_datetime) values (160202, 1585, 797637, '2/13/08', '4/27/08', 38000175, null, null, '2 times daily', null, '2/13/08 00:00:00', '4/27/08 00:00:00');
INSERT INTO drug_exposure (drug_exposure_id, person_id, drug_concept_id, drug_exposure_start_date, drug_exposure_end_date, drug_type_concept_id, quantity, days_supply, sig, route_concept_id, drug_exposure_start_datetime, drug_exposure_end_datetime) values (160203, 1585, 40220386, '2/13/08', '4/27/08', 38000175, null, null, 'Daily', 4171047, '2/13/08 00:00:00', '4/27/08 00:00:00');
INSERT INTO condition_era (condition_era_id, person_id, condition_concept_id, condition_era_start_date, condition_era_end_date) values (140009, 1585, 436706, '1/1/01', '4/27/08');
INSERT INTO condition_occurrence (condition_occurrence_id, person_id, condition_concept_id, condition_start_date, condition_end_date, condition_type_concept_id) values (140009, 1585, 436706, '1/1/01', '4/27/08', 32020);
INSERT INTO person (person_id, gender_concept_id, year_of_birth, month_of_birth, day_of_birth, race_concept_id, ethnicity_concept_id, location_id) values (1586, 8532, 1980, 1, 1, 8527, 38003564, 321);
INSERT INTO f_person (person_id) values (1586);
INSERT INTO drug_era (drug_era_id, person_id, drug_concept_id, drug_era_start_date, drug_era_end_date) values (70204, 1586, 797617, '2/13/08', '4/27/08');
INSERT INTO drug_era (drug_era_id, person_id, drug_concept_id, drug_era_start_date, drug_era_end_date) values (70205, 1586, 753626, '2/13/08', '4/27/08');
INSERT INTO visit_occurrence (visit_occurrence_id, person_id, visit_concept_id, visit_start_date, visit_end_date, visit_type_concept_id, provider_id, care_site_id) values (150091, 1586, 9201, '2/13/08', '4/27/08', 44818517, 23492, 11905);
INSERT INTO drug_exposure (drug_exposure_id, person_id, drug_concept_id, drug_exposure_start_date, drug_exposure_end_date, drug_type_concept_id, quantity, days_supply, sig, route_concept_id, drug_exposure_start_datetime, drug_exposure_end_datetime) values (160204, 1586, 797637, '2/13/08', '4/27/08', 38000175, null, null, '2 times daily', null, '2/13/08 00:00:00', '4/27/08 00:00:00');
INSERT INTO drug_exposure (drug_exposure_id, person_id, drug_concept_id, drug_exposure_start_date, drug_exposure_end_date, drug_type_concept_id, quantity, days_supply, sig, route_concept_id, drug_exposure_start_datetime, drug_exposure_end_datetime) values (160205, 1586, 40220386, '2/13/08', '4/27/08', 38000175, null, null, 'Daily', 4171047, '2/13/08 00:00:00', '4/27/08 00:00:00');
INSERT INTO condition_era (condition_era_id, person_id, condition_concept_id, condition_era_start_date, condition_era_end_date) values (140010, 1586, 4285746, '2/12/08', '2/16/08');
INSERT INTO condition_occurrence (condition_occurrence_id, person_id, condition_concept_id, condition_start_date, condition_end_date, condition_type_concept_id) values (140010, 1586, 4285746, '2/12/08', '2/16/08', 32020);
INSERT INTO person (person_id, gender_concept_id, year_of_birth, month_of_birth, day_of_birth, race_concept_id, ethnicity_concept_id, location_id) values (1587, 8532, 1980, 1, 1, 8527, 38003564, 321);
INSERT INTO f_person (person_id) values (1587);
INSERT INTO drug_era (drug_era_id, person_id, drug_concept_id, drug_era_start_date, drug_era_end_date) values (70206, 1587, 797617, '2/13/08', '4/27/08');
INSERT INTO drug_era (drug_era_id, person_id, drug_concept_id, drug_era_start_date, drug_era_end_date) values (70207, 1587, 753626, '2/13/08', '4/27/08');
INSERT INTO visit_occurrence (visit_occurrence_id, person_id, visit_concept_id, visit_start_date, visit_end_date, visit_type_concept_id, provider_id, care_site_id) values (150092, 1587, 9201, '2/13/08', '4/27/08', 44818517, 23492, 11905);
INSERT INTO drug_exposure (drug_exposure_id, person_id, drug_concept_id, drug_exposure_start_date, drug_exposure_end_date, drug_type_concept_id, quantity, days_supply, sig, route_concept_id, drug_exposure_start_datetime, drug_exposure_end_datetime) values (160206, 1587, 797637, '2/13/08', '4/27/08', 38000175, null, null, '2 times daily', null, '2/13/08 00:00:00', '4/27/08 00:00:00');
INSERT INTO drug_exposure (drug_exposure_id, person_id, drug_concept_id, drug_exposure_start_date, drug_exposure_end_date, drug_type_concept_id, quantity, days_supply, sig, route_concept_id, drug_exposure_start_datetime, drug_exposure_end_datetime) values (160207, 1587, 40220386, '2/13/08', '4/27/08', 38000175, null, null, 'Daily', 4171047, '2/13/08 00:00:00', '4/27/08 00:00:00');
INSERT INTO condition_era (condition_era_id, person_id, condition_concept_id, condition_era_start_date, condition_era_end_date) values (140011, 1587, 44833574, '2/12/08', '2/16/08');
INSERT INTO condition_occurrence (condition_occurrence_id, person_id, condition_concept_id, condition_start_date, condition_end_date, condition_type_concept_id) values (140011, 1587, 44833574, '2/12/08', '2/16/08', 32020);
INSERT INTO person (person_id, gender_concept_id, year_of_birth, month_of_birth, day_of_birth, race_concept_id, ethnicity_concept_id, location_id) values (99991, 8532, 1935, 1, 1, 8527, 38003564, 321);
INSERT INTO f_person (person_id) values (99991);
INSERT INTO visit_occurrence (visit_occurrence_id, person_id, visit_concept_id, visit_start_date, visit_end_date, visit_type_concept_id, provider_id, care_site_id) values (150093, 99991, 9201, '1/2/19', '1/10/19', 44818517, 23492, 11905);
INSERT INTO drug_era (drug_era_id, person_id, drug_concept_id, drug_era_start_date, drug_era_end_date) values (70208, 99991, 19049105, '1/2/19', '1/10/19');
INSERT INTO drug_era (drug_era_id, person_id, drug_concept_id, drug_era_start_date, drug_era_end_date) values (70209, 99991, 970250, '1/2/19', '1/10/19');
INSERT INTO drug_era (drug_era_id, person_id, drug_concept_id, drug_era_start_date, drug_era_end_date) values (70210, 99991, 1335471, '1/2/19', '1/10/19');
INSERT INTO drug_exposure (drug_exposure_id, person_id, drug_concept_id, drug_exposure_start_date, drug_exposure_end_date, drug_type_concept_id, quantity, days_supply, sig, route_concept_id, drug_exposure_start_datetime, drug_exposure_end_datetime) values (160208, 99991, 19049376, '1/2/19', '1/10/19', 38000175, 30, 30, '3 times daily', null, '1/2/19 00:00:00', '1/10/19 00:00:00');
INSERT INTO drug_exposure (drug_exposure_id, person_id, drug_concept_id, drug_exposure_start_date, drug_exposure_end_date, drug_type_concept_id, quantity, days_supply, sig, route_concept_id, drug_exposure_start_datetime, drug_exposure_end_datetime) values (160209, 99991, 19106647, '1/2/19', '1/10/19', 38000175, 30, 30, '3 times daily', null, '1/2/19 00:00:00', '1/10/19 00:00:00');
INSERT INTO drug_exposure (drug_exposure_id, person_id, drug_concept_id, drug_exposure_start_date, drug_exposure_end_date, drug_type_concept_id, quantity, days_supply, sig, route_concept_id, drug_exposure_start_datetime, drug_exposure_end_datetime) values (160210, 99991, 40171675, '1/2/19', '1/10/19', 38000175, 30, 30, '3 times daily', null, '1/2/19 00:00:00', '1/10/19 00:00:00');
INSERT INTO measurement (measurement_id, person_id, measurement_concept_id, measurement_datetime, measurement_type_concept_id, value_as_number, unit_concept_id) values (170024, 99991, 3005456, '1/2/19 00:00:00', 45754907, 5.1, 9557);
INSERT INTO person (person_id, gender_concept_id, year_of_birth, month_of_birth, day_of_birth, race_concept_id, ethnicity_concept_id, location_id) values (99992, 8532, 1935, 1, 1, 8527, 38003564, 321);
INSERT INTO f_person (person_id) values (99992);
INSERT INTO visit_occurrence (visit_occurrence_id, person_id, visit_concept_id, visit_start_date, visit_end_date, visit_type_concept_id, provider_id, care_site_id) values (150094, 99992, 9201, '1/2/19', '1/10/19', 44818517, 23492, 11905);
INSERT INTO drug_era (drug_era_id, person_id, drug_concept_id, drug_era_start_date, drug_era_end_date) values (70211, 99992, 19049105, '1/2/19', '1/10/19');
INSERT INTO drug_era (drug_era_id, person_id, drug_concept_id, drug_era_start_date, drug_era_end_date) values (70212, 99992, 970250, '1/2/19', '1/10/19');
INSERT INTO drug_era (drug_era_id, person_id, drug_concept_id, drug_era_start_date, drug_era_end_date) values (70213, 99992, 1335471, '1/2/19', '1/10/19');
INSERT INTO drug_exposure (drug_exposure_id, person_id, drug_concept_id, drug_exposure_start_date, drug_exposure_end_date, drug_type_concept_id, quantity, days_supply, sig, route_concept_id, drug_exposure_start_datetime, drug_exposure_end_datetime) values (160211, 99992, 19049376, '1/2/19', '1/10/19', 38000175, 30, 30, '3 times daily', null, '1/2/19 00:00:00', '1/10/19 00:00:00');
INSERT INTO drug_exposure (drug_exposure_id, person_id, drug_concept_id, drug_exposure_start_date, drug_exposure_end_date, drug_type_concept_id, quantity, days_supply, sig, route_concept_id, drug_exposure_start_datetime, drug_exposure_end_datetime) values (160212, 99992, 19106647, '1/2/19', '1/10/19', 38000175, 30, 30, '3 times daily', null, '1/2/19 00:00:00', '1/10/19 00:00:00');
INSERT INTO drug_exposure (drug_exposure_id, person_id, drug_concept_id, drug_exposure_start_date, drug_exposure_end_date, drug_type_concept_id, quantity, days_supply, sig, route_concept_id, drug_exposure_start_datetime, drug_exposure_end_datetime) values (160213, 99992, 40171675, '1/2/19', '1/10/19', 38000175, 30, 30, '3 times daily', null, '1/2/19 00:00:00', '1/10/19 00:00:00');
INSERT INTO measurement (measurement_id, person_id, measurement_concept_id, measurement_datetime, measurement_type_concept_id, value_as_number, unit_concept_id) values (170025, 99992, 3005456, '1/2/19 00:00:00', 45754907, 4.9, 9557);
INSERT INTO measurement (measurement_id, person_id, measurement_concept_id, measurement_datetime, measurement_type_concept_id, value_as_number, unit_concept_id) values (170026, 99992, 3049187, '1/2/19 00:00:00', 45754907, 41, 9557);
INSERT INTO person (person_id, gender_concept_id, year_of_birth, month_of_birth, day_of_birth, race_concept_id, ethnicity_concept_id, location_id) values (99993, 8532, 1935, 1, 1, 8527, 38003564, 321);
INSERT INTO f_person (person_id) values (99993);
INSERT INTO visit_occurrence (visit_occurrence_id, person_id, visit_concept_id, visit_start_date, visit_end_date, visit_type_concept_id, provider_id, care_site_id) values (150095, 99993, 9201, '1/2/19', '1/10/19', 44818517, 23492, 11905);
INSERT INTO drug_era (drug_era_id, person_id, drug_concept_id, drug_era_start_date, drug_era_end_date) values (70214, 99993, 19049105, '1/2/19', '1/10/19');
INSERT INTO drug_era (drug_era_id, person_id, drug_concept_id, drug_era_start_date, drug_era_end_date) values (70215, 99993, 970250, '1/2/19', '1/10/19');
INSERT INTO drug_era (drug_era_id, person_id, drug_concept_id, drug_era_start_date, drug_era_end_date) values (70216, 99993, 1335471, '1/2/19', '1/10/19');
INSERT INTO drug_exposure (drug_exposure_id, person_id, drug_concept_id, drug_exposure_start_date, drug_exposure_end_date, drug_type_concept_id, quantity, days_supply, sig, route_concept_id, drug_exposure_start_datetime, drug_exposure_end_datetime) values (160214, 99993, 19049376, '1/2/19', '1/10/19', 38000175, 30, 30, '3 times daily', null, '1/2/19 00:00:00', '1/10/19 00:00:00');
INSERT INTO drug_exposure (drug_exposure_id, person_id, drug_concept_id, drug_exposure_start_date, drug_exposure_end_date, drug_type_concept_id, quantity, days_supply, sig, route_concept_id, drug_exposure_start_datetime, drug_exposure_end_datetime) values (160215, 99993, 19106647, '1/2/19', '1/10/19', 38000175, 30, 30, '3 times daily', null, '1/2/19 00:00:00', '1/10/19 00:00:00');
INSERT INTO drug_exposure (drug_exposure_id, person_id, drug_concept_id, drug_exposure_start_date, drug_exposure_end_date, drug_type_concept_id, quantity, days_supply, sig, route_concept_id, drug_exposure_start_datetime, drug_exposure_end_datetime) values (160216, 99993, 40171675, '1/2/19', '1/10/19', 38000175, 30, 30, '3 times daily', null, '1/2/19 00:00:00', '1/10/19 00:00:00');
INSERT INTO measurement (measurement_id, person_id, measurement_concept_id, measurement_datetime, measurement_type_concept_id, value_as_number, unit_concept_id) values (170027, 99993, 3005456, '1/2/19 00:00:00', 45754907, 4.9, 9557);
INSERT INTO measurement (measurement_id, person_id, measurement_concept_id, measurement_datetime, measurement_type_concept_id, value_as_number, unit_concept_id) values (170028, 99993, 3049187, '1/2/19 00:00:00', 45754907, 61, 9557);
INSERT INTO person (person_id, gender_concept_id, year_of_birth, month_of_birth, day_of_birth, race_concept_id, ethnicity_concept_id, location_id) values (99994, 8532, 1945, 1, 1, 8527, 38003564, 321);
INSERT INTO f_person (person_id) values (99994);
INSERT INTO visit_occurrence (visit_occurrence_id, person_id, visit_concept_id, visit_start_date, visit_end_date, visit_type_concept_id, provider_id, care_site_id) values (150096, 99994, 9201, '1/27/21', '1/30/21', 44818517, 23492, 11905);
INSERT INTO drug_era (drug_era_id, person_id, drug_concept_id, drug_era_start_date, drug_era_end_date) values (70217, 99994, 19011033, '1/27/21', '1/27/21');
INSERT INTO drug_exposure (drug_exposure_id, person_id, drug_concept_id, drug_exposure_start_date, drug_exposure_end_date, drug_type_concept_id, quantity, days_supply, sig, route_concept_id, drug_exposure_start_datetime, drug_exposure_end_datetime) values (160217, 99994, 40163507, '1/27/21', '1/27/21', 38000175, 3, 30, '3 times daily', null, '1/27/21 00:00:00', '1/27/21 00:00:00');
INSERT INTO drug_era (drug_era_id, person_id, drug_concept_id, drug_era_start_date, drug_era_end_date) values (70218, 99994, 970250, '1/27/21', '1/27/21');
INSERT INTO drug_exposure (drug_exposure_id, person_id, drug_concept_id, drug_exposure_start_date, drug_exposure_end_date, drug_type_concept_id, quantity, days_supply, sig, route_concept_id, drug_exposure_start_datetime, drug_exposure_end_datetime) values (160218, 99994, 970282, '1/27/21', '1/27/21', 38000175, 1, 30, '3 times daily', null, '1/27/21 00:00:00', '1/27/21 00:00:00');
INSERT INTO drug_era (drug_era_id, person_id, drug_concept_id, drug_era_start_date, drug_era_end_date) values (70219, 99994, 1309799, '1/27/21', '1/27/21');
INSERT INTO drug_exposure (drug_exposure_id, person_id, drug_concept_id, drug_exposure_start_date, drug_exposure_end_date, drug_type_concept_id, quantity, days_supply, sig, route_concept_id, drug_exposure_start_datetime, drug_exposure_end_datetime) values (160219, 99994, 1309800, '1/27/21', '1/27/21', 38000175, 1, 30, '3 times daily', null, '1/27/21 00:00:00', '1/27/21 00:00:00');
INSERT INTO drug_era (drug_era_id, person_id, drug_concept_id, drug_era_start_date, drug_era_end_date) values (70220, 99994, 1195492, '1/27/21', '1/27/21');
INSERT INTO drug_exposure (drug_exposure_id, person_id, drug_concept_id, drug_exposure_start_date, drug_exposure_end_date, drug_type_concept_id, quantity, days_supply, sig, route_concept_id, drug_exposure_start_datetime, drug_exposure_end_datetime) values (160220, 99994, 1195496, '1/27/21', '1/27/21', 38000175, 1, 30, '3 times daily', null, '1/27/21 00:00:00', '1/27/21 00:00:00');
INSERT INTO person (person_id, gender_concept_id, year_of_birth, month_of_birth, day_of_birth, race_concept_id, ethnicity_concept_id, location_id) values (99995, 8532, 1960, 1, 1, 8527, 38003564, 321);
INSERT INTO f_person (person_id) values (99995);
INSERT INTO visit_occurrence (visit_occurrence_id, person_id, visit_concept_id, visit_start_date, visit_end_date, visit_type_concept_id, provider_id, care_site_id) values (150097, 99995, 9201, '5/1/21', '5/7/21', 44818517, 23492, 11905);
INSERT INTO drug_era (drug_era_id, person_id, drug_concept_id, drug_era_start_date, drug_era_end_date) values (70221, 99995, 1101554, '5/2/21', '5/2/21');
INSERT INTO drug_exposure (drug_exposure_id, person_id, drug_concept_id, drug_exposure_start_date, drug_exposure_end_date, drug_type_concept_id, quantity, days_supply, sig, route_concept_id, drug_exposure_start_datetime, drug_exposure_end_datetime) values (160221, 99995, 45776977, '5/3/21', '5/3/21', 38000175, 1, 10, '3 times daily', null, '5/3/21 00:00:00', '5/3/21 00:00:00');
INSERT INTO drug_exposure (drug_exposure_id, person_id, drug_concept_id, drug_exposure_start_date, drug_exposure_end_date, drug_type_concept_id, quantity, days_supply, sig, route_concept_id, drug_exposure_start_datetime, drug_exposure_end_datetime) values (160222, 99995, 40184845, '5/3/21', '5/3/21', 38000175, 1, 10, '3 times daily', null, '5/3/21 00:00:00', '5/3/21 00:00:00');
INSERT INTO drug_era (drug_era_id, person_id, drug_concept_id, drug_era_start_date, drug_era_end_date) values (70222, 99995, 1703653, '5/2/21', '5/2/21');
INSERT INTO condition_era (condition_era_id, person_id, condition_concept_id, condition_era_start_date, condition_era_end_date) values (140012, 99995, 45567829, '5/2/21', '5/20/21');
INSERT INTO condition_occurrence (condition_occurrence_id, person_id, condition_concept_id, condition_start_date, condition_end_date, condition_type_concept_id) values (140012, 99995, 45567829, '5/2/21', '5/20/21', 32020);
INSERT INTO condition_era (condition_era_id, person_id, condition_concept_id, condition_era_start_date, condition_era_end_date) values (140013, 99995, 45553437, '5/2/21', '5/19/21');
INSERT INTO condition_occurrence (condition_occurrence_id, person_id, condition_concept_id, condition_start_date, condition_end_date, condition_type_concept_id) values (140013, 99995, 45553437, '5/2/21', '5/19/21', 32020);
INSERT INTO person (person_id, gender_concept_id, year_of_birth, month_of_birth, day_of_birth, race_concept_id, ethnicity_concept_id, location_id) values (99996, 8532, 1960, 1, 1, 8527, 38003564, 321);
INSERT INTO f_person (person_id) values (99996);
INSERT INTO visit_occurrence (visit_occurrence_id, person_id, visit_concept_id, visit_start_date, visit_end_date, visit_type_concept_id, provider_id, care_site_id) values (150098, 99996, 9201, '5/1/21', '5/7/21', 44818517, 23492, 11905);
INSERT INTO drug_era (drug_era_id, person_id, drug_concept_id, drug_era_start_date, drug_era_end_date) values (70223, 99996, 1101554, '5/2/21', '5/2/21');
INSERT INTO drug_exposure (drug_exposure_id, person_id, drug_concept_id, drug_exposure_start_date, drug_exposure_end_date, drug_type_concept_id, quantity, days_supply, sig, route_concept_id, drug_exposure_start_datetime, drug_exposure_end_datetime) values (160223, 99996, 45776977, '5/3/21', '5/3/21', 38000175, 1, 10, '3 times daily', null, '5/3/21 00:00:00', '5/3/21 00:00:00');
INSERT INTO drug_exposure (drug_exposure_id, person_id, drug_concept_id, drug_exposure_start_date, drug_exposure_end_date, drug_type_concept_id, quantity, days_supply, sig, route_concept_id, drug_exposure_start_datetime, drug_exposure_end_datetime) values (160224, 99996, 19082373, '5/3/21', '5/3/21', 38000175, 1, 10, '3 times daily', null, '5/3/21 00:00:00', '5/3/21 00:00:00');
INSERT INTO drug_era (drug_era_id, person_id, drug_concept_id, drug_era_start_date, drug_era_end_date) values (70224, 99996, 1748921, '5/2/21', '5/2/21');
INSERT INTO condition_era (condition_era_id, person_id, condition_concept_id, condition_era_start_date, condition_era_end_date) values (140014, 99996, 45567829, '5/2/21', '5/20/21');
INSERT INTO condition_occurrence (condition_occurrence_id, person_id, condition_concept_id, condition_start_date, condition_end_date, condition_type_concept_id) values (140014, 99996, 45567829, '5/2/21', '5/20/21', 32020);
INSERT INTO condition_era (condition_era_id, person_id, condition_concept_id, condition_era_start_date, condition_era_end_date) values (140015, 99996, 45553437, '5/2/21', '5/19/21');
INSERT INTO condition_occurrence (condition_occurrence_id, person_id, condition_concept_id, condition_start_date, condition_end_date, condition_type_concept_id) values (140015, 99996, 45553437, '5/2/21', '5/19/21', 32020);
INSERT INTO person (person_id, gender_concept_id, year_of_birth, month_of_birth, day_of_birth, race_concept_id, ethnicity_concept_id, location_id) values (100000, 8532, 1950, 1, 1, 8527, 38003564, 321);
INSERT INTO f_person (person_id) values (100000);
INSERT INTO drug_era (drug_era_id, person_id, drug_concept_id, drug_era_start_date, drug_era_end_date) values (70225, 100000, 797617, '2/13/08', '4/27/08');
INSERT INTO drug_era (drug_era_id, person_id, drug_concept_id, drug_era_start_date, drug_era_end_date) values (70226, 100000, 766529, '2/13/08', '4/27/08');
INSERT INTO visit_occurrence (visit_occurrence_id, person_id, visit_concept_id, visit_start_date, visit_end_date, visit_type_concept_id, provider_id, care_site_id) values (150099, 100000, 9201, '2/13/08', '4/27/08', 44818517, 23492, 11905);
INSERT INTO drug_exposure (drug_exposure_id, person_id, drug_concept_id, drug_exposure_start_date, drug_exposure_end_date, drug_type_concept_id, quantity, days_supply, sig, route_concept_id, drug_exposure_start_datetime, drug_exposure_end_datetime) values (160225, 100000, 797637, '2/13/08', '4/27/08', 38000175, 60, 30, '2 times daily', null, '2/13/08 00:00:00', '4/27/08 00:00:00');
INSERT INTO drug_exposure (drug_exposure_id, person_id, drug_concept_id, drug_exposure_start_date, drug_exposure_end_date, drug_type_concept_id, quantity, days_supply, sig, route_concept_id, drug_exposure_start_datetime, drug_exposure_end_datetime) values (160226, 100000, 766530, '2/13/08', '4/27/08', 38000175, 10, 10, 'Daily', null, '2/13/08 00:00:00', '4/27/08 00:00:00');
